label,model,n_features,n_bits,status,t3_passed,all_gates_passed,quantized_pr_auc,float_pr_auc,pr_auc_drop,t3_decision_agreement,quantized_f1,float_f1,fhe_latency_mean_s,fhe_latency_std_s,fhe_latency_min_s,fhe_latency_max_s,n_latency_trials,plaintext_latency_mean_s,compile_s,peak_rss_mb,programmable_bootstraps,n_trees,ms_per_bootstrap,ciphertext_input_bytes,ciphertext_output_bytes,ciphertext_total_bytes,key_bootstrap_bytes,key_keyswitch_bytes,key_secret_bytes,key_total_bytes,entry_config_hash
lr_top20_bits8,lr,20,8,failed_accuracy_gates,False,False,0.3218202330592772,0.3484381889851565,0.02661795592587929,0.9849744975639464,0.3448735019973369,0.37849572212999616,0.0064772985992021855,0.0005850088566876916,0.005982474998745602,0.0074247429984097835,5,3.1448800291400404e-05,92.9019670480011,922.3203125,0,,,480,10192,10672,0,0,10184,10184,af9bf050bc590d4f
lr_top20_bits16,lr,20,16,passed,True,True,0.34823939389983716,0.3484381889851565,0.00019879508531933654,0.9996859774665042,0.3776703967446592,0.37849572212999616,0.008570871200208784,0.0008665416081913285,0.00779007500022999,0.009975886001484469,5,2.7085199690191075e-05,93.66990765100127,919.75390625,0,,,480,17656,18136,0,0,17648,17648,bd93666ffe15d734
lr_top50_bits8,lr,50,8,failed_accuracy_gates,False,False,0.2495829757753253,0.3888610406399093,0.139278064864584,0.9750019031668696,0.32140033879164315,0.4059931052771148,0.011596722199465148,0.0031689138407390515,0.009672879001300316,0.017187788998853648,5,4.088799978489988e-05,97.08263215199986,1440.22265625,0,,,1200,9456,10656,0,0,9448,9448,de4d265fd37b1c4a
lr_top50_bits16,lr,50,16,passed,True,True,0.3886008050465755,0.3888610406399093,0.00026023559333376856,0.999676461632156,0.4056203605514316,0.4059931052771148,0.015401105999626453,0.002741750378586827,0.01386692999949446,0.02027852999890456,5,2.9196000105002896e-05,94.46872827499828,1441.78125,0,,,1200,16928,18128,0,0,16920,16920,fda0b6bb7cf16aa3
lr_top100_bits8,lr,100,8,failed_accuracy_gates,False,False,0.28290416108881705,0.4223780321639392,0.13947387107512216,0.9790651644336176,0.33756961302299016,0.43762950683796104,0.0184904040004767,0.0007245596314569003,0.01783710100062308,0.01953667500129086,5,4.808819940080866e-05,96.0234525809974,2104.125,0,,,2400,10656,13056,0,0,10648,10648,25bdc38b51391798
lr_top100_bits16,lr,100,16,passed,True,True,0.42208232086880737,0.4223780321639392,0.0002957112951318397,0.9995432399512789,0.43759544634180203,0.43762950683796104,0.030919320201064693,0.0012575494575909245,0.02971637200244004,0.03297724200092489,5,4.049880080856383e-05,96.25247223100087,2104.984375,0,,,2400,18128,20528,0,0,18120,18120,3c5999dc32dac873
xgboost_top20_bits8,xgboost,20,8,failed_accuracy_gates,False,False,0.3309273910373569,0.5226729593501624,0.19174556831280554,0.6490084500609014,0.1410061494474574,0.5165580890336591,1096.6918938896001,12.922871678941295,1077.9474576959983,1113.680005262002,5,0.00598307760010357,36.27974360100052,2896.4453125,248452,358,4.414099680781802,480,5868336,5868816,840876032,115953664,59136,956888832,dd8aee163c2f98bb
xgboost_top20_bits14,xgboost,20,14,passed,True,True,0.5217607097177945,0.5226729593501624,0.0009122496323679119,0.999276796589525,0.5152008686210641,0.5165580890336591,4098.6717416556,1148.8053976160998,3354.687573353999,6071.369238613999,5,0.0008158331999993607,34.43743345899999,3433.44140625,383776,358,10.679854242202744,480,5868336,5868816,1795547136,135073792,60872,1930681800,ea7c742e5e8dd5dc
xgboost_top50_bits8,xgboost,50,8,failed_accuracy_gates,False,False,0.30636340395872497,0.5442247330260617,0.2378613290673367,0.6753102161997564,0.14820069965995547,0.5422773393461104,931.0608594564001,212.7700698949742,762.3483034250003,1169.5278679780004,5,0.026941514200370876,56.144402798000556,2417.0,151986,219,6.125964624744385,1200,3589848,3591048,840876032,115953664,59136,956888832,cb0559951ed1373b
xgboost_top50_bits14,xgboost,50,14,passed,True,True,0.54287966025791,0.5442247330260617,0.001345072768151656,0.9995622716199757,0.5421008166713602,0.5422773393461104,2650.5631336608008,771.8853169049607,2036.3749215250027,3858.8152263869997,5,0.03955900059954729,73.08384181900001,3355.9609375,234768,219,11.290138066775715,1200,3589848,3591048,1795547136,135073792,60872,1930681800,165ec0ce075ee564
xgboost_top100_bits8,xgboost,100,8,failed_accuracy_gates,False,False,0.28243259664360953,0.5677994646626904,0.28536686801908084,0.8937081303288672,0.2390832328106152,0.554177897574124,1021.1740408864001,237.34053769012914,807.7663162929998,1351.8174065510002,5,0.012127535799936594,54.836580599,2644.9609375,188074,271,5.429639614653807,2400,4442232,4444632,840876032,115953664,59136,956888832,a5836bba52704ed5
xgboost_top100_bits14,xgboost,100,14,passed,True,True,0.5710116054523484,0.5677994646626904,-0.0032121407896580356,0.9972308922046285,0.5571030640668524,0.554177897574124,3687.4708404868006,840.2813650515918,2527.9105082330007,4752.019782494,5,0.01341144919999806,111.04423217800002,3467.77734375,290512,271,12.693006968685633,2400,4442232,4444632,1940250624,135073792,60872,2075385288,4ad88dfca671fd7a
