column,family,dtype
TransactionID,core,int64
isFraud,core,float32
TransactionDT,core,int64
TransactionAmt,core,float32
ProductCD,core,category
card1,card,float32
card2,card,float32
card3,card,float32
card4,card,category
card5,card,float32
card6,card,category
addr1,addr,float32
addr2,addr,float32
dist1,dist,float32
dist2,dist,float32
P_emaildomain,email,category
R_emaildomain,email,category
C1,C,float32
C2,C,float32
C3,C,float32
C4,C,float32
C5,C,float32
C6,C,float32
C7,C,float32
C8,C,float32
C9,C,float32
C10,C,float32
C11,C,float32
C12,C,float32
C13,C,float32
C14,C,float32
D1,D,float32
D2,D,float32
D3,D,float32
D4,D,float32
D5,D,float32
D6,D,float32
D7,D,float32
D8,D,float32
D9,D,float32
D10,D,float32
D11,D,float32
D12,D,float32
D13,D,float32
D14,D,float32
D15,D,float32
M1,M,category
M2,M,category
M3,M,category
M4,M,category
M5,M,category
M6,M,category
M7,M,category
M8,M,category
M9,M,category
V1,V,float32
V2,V,float32
V3,V,float32
V4,V,float32
V5,V,float32
V6,V,float32
V7,V,float32
V8,V,float32
V9,V,float32
V10,V,float32
V11,V,float32
V12,V,float32
V13,V,float32
V14,V,float32
V15,V,float32
V16,V,float32
V17,V,float32
V18,V,float32
V19,V,float32
V20,V,float32
V21,V,float32
V22,V,float32
V23,V,float32
V24,V,float32
V25,V,float32
V26,V,float32
V27,V,float32
V28,V,float32
V29,V,float32
V30,V,float32
V31,V,float32
V32,V,float32
V33,V,float32
V34,V,float32
V35,V,float32
V36,V,float32
V37,V,float32
V38,V,float32
V39,V,float32
V40,V,float32
V41,V,float32
V42,V,float32
V43,V,float32
V44,V,float32
V45,V,float32
V46,V,float32
V47,V,float32
V48,V,float32
V49,V,float32
V50,V,float32
V51,V,float32
V52,V,float32
V53,V,float32
V54,V,float32
V55,V,float32
V56,V,float32
V57,V,float32
V58,V,float32
V59,V,float32
V60,V,float32
V61,V,float32
V62,V,float32
V63,V,float32
V64,V,float32
V65,V,float32
V66,V,float32
V67,V,float32
V68,V,float32
V69,V,float32
V70,V,float32
V71,V,float32
V72,V,float32
V73,V,float32
V74,V,float32
V75,V,float32
V76,V,float32
V77,V,float32
V78,V,float32
V79,V,float32
V80,V,float32
V81,V,float32
V82,V,float32
V83,V,float32
V84,V,float32
V85,V,float32
V86,V,float32
V87,V,float32
V88,V,float32
V89,V,float32
V90,V,float32
V91,V,float32
V92,V,float32
V93,V,float32
V94,V,float32
V95,V,float32
V96,V,float32
V97,V,float32
V98,V,float32
V99,V,float32
V100,V,float32
V101,V,float32
V102,V,float32
V103,V,float32
V104,V,float32
V105,V,float32
V106,V,float32
V107,V,float32
V108,V,float32
V109,V,float32
V110,V,float32
V111,V,float32
V112,V,float32
V113,V,float32
V114,V,float32
V115,V,float32
V116,V,float32
V117,V,float32
V118,V,float32
V119,V,float32
V120,V,float32
V121,V,float32
V122,V,float32
V123,V,float32
V124,V,float32
V125,V,float32
V126,V,float32
V127,V,float32
V128,V,float32
V129,V,float32
V130,V,float32
V131,V,float32
V132,V,float32
V133,V,float32
V134,V,float32
V135,V,float32
V136,V,float32
V137,V,float32
V138,V,float32
V139,V,float32
V140,V,float32
V141,V,float32
V142,V,float32
V143,V,float32
V144,V,float32
V145,V,float32
V146,V,float32
V147,V,float32
V148,V,float32
V149,V,float32
V150,V,float32
V151,V,float32
V152,V,float32
V153,V,float32
V154,V,float32
V155,V,float32
V156,V,float32
V157,V,float32
V158,V,float32
V159,V,float32
V160,V,float32
V161,V,float32
V162,V,float32
V163,V,float32
V164,V,float32
V165,V,float32
V166,V,float32
V167,V,float32
V168,V,float32
V169,V,float32
V170,V,float32
V171,V,float32
V172,V,float32
V173,V,float32
V174,V,float32
V175,V,float32
V176,V,float32
V177,V,float32
V178,V,float32
V179,V,float32
V180,V,float32
V181,V,float32
V182,V,float32
V183,V,float32
V184,V,float32
V185,V,float32
V186,V,float32
V187,V,float32
V188,V,float32
V189,V,float32
V190,V,float32
V191,V,float32
V192,V,float32
V193,V,float32
V194,V,float32
V195,V,float32
V196,V,float32
V197,V,float32
V198,V,float32
V199,V,float32
V200,V,float32
V201,V,float32
V202,V,float32
V203,V,float32
V204,V,float32
V205,V,float32
V206,V,float32
V207,V,float32
V208,V,float32
V209,V,float32
V210,V,float32
V211,V,float32
V212,V,float32
V213,V,float32
V214,V,float32
V215,V,float32
V216,V,float32
V217,V,float32
V218,V,float32
V219,V,float32
V220,V,float32
V221,V,float32
V222,V,float32
V223,V,float32
V224,V,float32
V225,V,float32
V226,V,float32
V227,V,float32
V228,V,float32
V229,V,float32
V230,V,float32
V231,V,float32
V232,V,float32
V233,V,float32
V234,V,float32
V235,V,float32
V236,V,float32
V237,V,float32
V238,V,float32
V239,V,float32
V240,V,float32
V241,V,float32
V242,V,float32
V243,V,float32
V244,V,float32
V245,V,float32
V246,V,float32
V247,V,float32
V248,V,float32
V249,V,float32
V250,V,float32
V251,V,float32
V252,V,float32
V253,V,float32
V254,V,float32
V255,V,float32
V256,V,float32
V257,V,float32
V258,V,float32
V259,V,float32
V260,V,float32
V261,V,float32
V262,V,float32
V263,V,float32
V264,V,float32
V265,V,float32
V266,V,float32
V267,V,float32
V268,V,float32
V269,V,float32
V270,V,float32
V271,V,float32
V272,V,float32
V273,V,float32
V274,V,float32
V275,V,float32
V276,V,float32
V277,V,float32
V278,V,float32
V279,V,float32
V280,V,float32
V281,V,float32
V282,V,float32
V283,V,float32
V284,V,float32
V285,V,float32
V286,V,float32
V287,V,float32
V288,V,float32
V289,V,float32
V290,V,float32
V291,V,float32
V292,V,float32
V293,V,float32
V294,V,float32
V295,V,float32
V296,V,float32
V297,V,float32
V298,V,float32
V299,V,float32
V300,V,float32
V301,V,float32
V302,V,float32
V303,V,float32
V304,V,float32
V305,V,float32
V306,V,float32
V307,V,float32
V308,V,float32
V309,V,float32
V310,V,float32
V311,V,float32
V312,V,float32
V313,V,float32
V314,V,float32
V315,V,float32
V316,V,float32
V317,V,float32
V318,V,float32
V319,V,float32
V320,V,float32
V321,V,float32
V322,V,float32
V323,V,float32
V324,V,float32
V325,V,float32
V326,V,float32
V327,V,float32
V328,V,float32
V329,V,float32
V330,V,float32
V331,V,float32
V332,V,float32
V333,V,float32
V334,V,float32
V335,V,float32
V336,V,float32
V337,V,float32
V338,V,float32
V339,V,float32
