column,non_null_count,null_count,null_rate,family
dist2,37627,552913,0.9362837403054831,dist
D7,38917,551623,0.9340992989467267,D
D13,61952,528588,0.8950926270870728,D
D14,62187,528353,0.8946946862193924,D
D12,64717,525823,0.8904104717715988,D
D6,73187,517353,0.8760676668811597,D
D9,74926,515614,0.8731229044603245,D
D8,74926,515614,0.8731229044603245,D
V153,81945,508595,0.8612371727571375,V
V149,81945,508595,0.8612371727571375,V
V141,81945,508595,0.8612371727571375,V
V146,81945,508595,0.8612371727571375,V
V154,81945,508595,0.8612371727571375,V
V162,81945,508595,0.8612371727571375,V
V142,81945,508595,0.8612371727571375,V
V158,81945,508595,0.8612371727571375,V
V161,81945,508595,0.8612371727571375,V
V157,81945,508595,0.8612371727571375,V
V138,81945,508595,0.8612371727571375,V
V139,81945,508595,0.8612371727571375,V
V148,81945,508595,0.8612371727571375,V
V140,81945,508595,0.8612371727571375,V
V155,81945,508595,0.8612371727571375,V
V156,81945,508595,0.8612371727571375,V
V147,81945,508595,0.8612371727571375,V
V163,81945,508595,0.8612371727571375,V
V143,81951,508589,0.8612270125647712,V
V145,81951,508589,0.8612270125647712,V
V144,81951,508589,0.8612270125647712,V
V165,81951,508589,0.8612270125647712,V
V164,81951,508589,0.8612270125647712,V
V152,81951,508589,0.8612270125647712,V
V150,81951,508589,0.8612270125647712,V
V151,81951,508589,0.8612270125647712,V
V160,81951,508589,0.8612270125647712,V
V159,81951,508589,0.8612270125647712,V
V166,81951,508589,0.8612270125647712,V
V329,82351,508189,0.8605496664070174,V
V328,82351,508189,0.8605496664070174,V
V326,82351,508189,0.8605496664070174,V
V327,82351,508189,0.8605496664070174,V
V325,82351,508189,0.8605496664070174,V
V331,82351,508189,0.8605496664070174,V
V330,82351,508189,0.8605496664070174,V
V333,82351,508189,0.8605496664070174,V
V323,82351,508189,0.8605496664070174,V
V324,82351,508189,0.8605496664070174,V
V322,82351,508189,0.8605496664070174,V
V339,82351,508189,0.8605496664070174,V
V338,82351,508189,0.8605496664070174,V
V335,82351,508189,0.8605496664070174,V
V334,82351,508189,0.8605496664070174,V
V332,82351,508189,0.8605496664070174,V
V336,82351,508189,0.8605496664070174,V
V337,82351,508189,0.8605496664070174,V
V269,130430,460110,0.7791343516103905,V
V275,130430,460110,0.7791343516103905,V
V277,130430,460110,0.7791343516103905,V
V276,130430,460110,0.7791343516103905,V
V267,130430,460110,0.7791343516103905,V
V268,130430,460110,0.7791343516103905,V
V278,130430,460110,0.7791343516103905,V
V273,130430,460110,0.7791343516103905,V
V274,130430,460110,0.7791343516103905,V
V265,130430,460110,0.7791343516103905,V
V264,130430,460110,0.7791343516103905,V
V263,130430,460110,0.7791343516103905,V
V262,130430,460110,0.7791343516103905,V
V261,130430,460110,0.7791343516103905,V
V246,130430,460110,0.7791343516103905,V
V247,130430,460110,0.7791343516103905,V
V248,130430,460110,0.7791343516103905,V
V249,130430,460110,0.7791343516103905,V
V252,130430,460110,0.7791343516103905,V
V253,130430,460110,0.7791343516103905,V
V254,130430,460110,0.7791343516103905,V
V258,130430,460110,0.7791343516103905,V
V257,130430,460110,0.7791343516103905,V
V260,130430,460110,0.7791343516103905,V
V266,130430,460110,0.7791343516103905,V
V218,130430,460110,0.7791343516103905,V
V217,130430,460110,0.7791343516103905,V
V219,130430,460110,0.7791343516103905,V
V223,130430,460110,0.7791343516103905,V
V224,130430,460110,0.7791343516103905,V
V241,130430,460110,0.7791343516103905,V
V242,130430,460110,0.7791343516103905,V
V243,130430,460110,0.7791343516103905,V
V240,130430,460110,0.7791343516103905,V
V244,130430,460110,0.7791343516103905,V
V237,130430,460110,0.7791343516103905,V
V236,130430,460110,0.7791343516103905,V
V235,130430,460110,0.7791343516103905,V
V233,130430,460110,0.7791343516103905,V
V232,130430,460110,0.7791343516103905,V
V231,130430,460110,0.7791343516103905,V
V230,130430,460110,0.7791343516103905,V
V229,130430,460110,0.7791343516103905,V
V228,130430,460110,0.7791343516103905,V
V226,130430,460110,0.7791343516103905,V
V225,130430,460110,0.7791343516103905,V
R_emaildomain,137291,453249,0.7675161716395164,email
V216,139631,450909,0.763553696616656,V
V213,139631,450909,0.763553696616656,V
V215,139631,450909,0.763553696616656,V
V212,139631,450909,0.763553696616656,V
V168,139631,450909,0.763553696616656,V
V199,139631,450909,0.763553696616656,V
V193,139631,450909,0.763553696616656,V
V192,139631,450909,0.763553696616656,V
V187,139631,450909,0.763553696616656,V
V211,139631,450909,0.763553696616656,V
V177,139631,450909,0.763553696616656,V
V214,139631,450909,0.763553696616656,V
V178,139631,450909,0.763553696616656,V
V173,139631,450909,0.763553696616656,V
V172,139631,450909,0.763553696616656,V
V183,139631,450909,0.763553696616656,V
V181,139631,450909,0.763553696616656,V
V179,139631,450909,0.763553696616656,V
V182,139631,450909,0.763553696616656,V
V167,139631,450909,0.763553696616656,V
V205,139631,450909,0.763553696616656,V
V196,139631,450909,0.763553696616656,V
V202,139631,450909,0.763553696616656,V
V203,139631,450909,0.763553696616656,V
V207,139631,450909,0.763553696616656,V
V186,139631,450909,0.763553696616656,V
V190,139631,450909,0.763553696616656,V
V191,139631,450909,0.763553696616656,V
V206,139631,450909,0.763553696616656,V
V204,139631,450909,0.763553696616656,V
V176,139631,450909,0.763553696616656,V
V209,139819,450721,0.7632353439225116,V
V197,139819,450721,0.7632353439225116,V
V198,139819,450721,0.7632353439225116,V
V194,139819,450721,0.7632353439225116,V
V195,139819,450721,0.7632353439225116,V
V184,139819,450721,0.7632353439225116,V
V180,139819,450721,0.7632353439225116,V
V200,139819,450721,0.7632353439225116,V
V174,139819,450721,0.7632353439225116,V
V185,139819,450721,0.7632353439225116,V
V208,139819,450721,0.7632353439225116,V
V210,139819,450721,0.7632353439225116,V
V201,139819,450721,0.7632353439225116,V
V188,139819,450721,0.7632353439225116,V
V169,139819,450721,0.7632353439225116,V
V175,139819,450721,0.7632353439225116,V
V171,139819,450721,0.7632353439225116,V
V170,139819,450721,0.7632353439225116,V
V189,139819,450721,0.7632353439225116,V
V272,141416,449124,0.7605310393876791,V
V271,141416,449124,0.7605310393876791,V
V221,141416,449124,0.7605310393876791,V
V255,141416,449124,0.7605310393876791,V
V256,141416,449124,0.7605310393876791,V
V234,141416,449124,0.7605310393876791,V
V220,141416,449124,0.7605310393876791,V
V227,141416,449124,0.7605310393876791,V
V222,141416,449124,0.7605310393876791,V
V270,141416,449124,0.7605310393876791,V
V238,141416,449124,0.7605310393876791,V
V245,141416,449124,0.7605310393876791,V
V250,141416,449124,0.7605310393876791,V
V259,141416,449124,0.7605310393876791,V
V239,141416,449124,0.7605310393876791,V
V251,141416,449124,0.7605310393876791,V
dist1,238269,352271,0.596523520845328,dist
M5,240058,350482,0.5934940901547736,M
M7,244275,346265,0.5863531682866528,M
M9,244288,346252,0.5863311545365258,M
M8,244288,346252,0.5863311545365258,M
D5,280699,309841,0.524674027161581,D
M4,309096,281444,0.47658753005723575,M
D2,309743,280797,0.4754919226470688,D
V6,311253,279287,0.47293494090154775,V
V1,311253,279287,0.47293494090154775,V
V9,311253,279287,0.47293494090154775,V
V10,311253,279287,0.47293494090154775,V
V11,311253,279287,0.47293494090154775,V
D11,311253,279287,0.47293494090154775,D
V2,311253,279287,0.47293494090154775,V
V7,311253,279287,0.47293494090154775,V
V8,311253,279287,0.47293494090154775,V
V5,311253,279287,0.47293494090154775,V
V4,311253,279287,0.47293494090154775,V
V3,311253,279287,0.47293494090154775,V
M2,319440,271100,0.4590713584177194,M
M1,319440,271100,0.4590713584177194,M
M3,319440,271100,0.4590713584177194,M
D3,327662,262878,0.44514850814508755,D
M6,421180,169360,0.28678836319300977,M
V44,421571,168969,0.2861262573238053,V
V49,421571,168969,0.2861262573238053,V
V50,421571,168969,0.2861262573238053,V
V52,421571,168969,0.2861262573238053,V
V36,421571,168969,0.2861262573238053,V
V35,421571,168969,0.2861262573238053,V
V48,421571,168969,0.2861262573238053,V
V47,421571,168969,0.2861262573238053,V
V51,421571,168969,0.2861262573238053,V
V41,421571,168969,0.2861262573238053,V
V45,421571,168969,0.2861262573238053,V
V46,421571,168969,0.2861262573238053,V
V43,421571,168969,0.2861262573238053,V
V39,421571,168969,0.2861262573238053,V
V38,421571,168969,0.2861262573238053,V
V37,421571,168969,0.2861262573238053,V
V40,421571,168969,0.2861262573238053,V
V42,421571,168969,0.2861262573238053,V
D4,421618,168922,0.2860466691502693,D
P_emaildomain,496084,94456,0.1599485216920107,email
V90,501376,89164,0.15098723202492634,V
V79,501376,89164,0.15098723202492634,V
V93,501376,89164,0.15098723202492634,V
V77,501376,89164,0.15098723202492634,V
V94,501376,89164,0.15098723202492634,V
V86,501376,89164,0.15098723202492634,V
V76,501376,89164,0.15098723202492634,V
V92,501376,89164,0.15098723202492634,V
V75,501376,89164,0.15098723202492634,V
V91,501376,89164,0.15098723202492634,V
V80,501376,89164,0.15098723202492634,V
V81,501376,89164,0.15098723202492634,V
V78,501376,89164,0.15098723202492634,V
V84,501376,89164,0.15098723202492634,V
V89,501376,89164,0.15098723202492634,V
V88,501376,89164,0.15098723202492634,V
V87,501376,89164,0.15098723202492634,V
V83,501376,89164,0.15098723202492634,V
V85,501376,89164,0.15098723202492634,V
V82,501376,89164,0.15098723202492634,V
D15,501427,89113,0.1509008703898127,D
V61,513444,77096,0.13055169844549055,V
V62,513444,77096,0.13055169844549055,V
V68,513444,77096,0.13055169844549055,V
V69,513444,77096,0.13055169844549055,V
V70,513444,77096,0.13055169844549055,V
V73,513444,77096,0.13055169844549055,V
V71,513444,77096,0.13055169844549055,V
V72,513444,77096,0.13055169844549055,V
V53,513444,77096,0.13055169844549055,V
V54,513444,77096,0.13055169844549055,V
V55,513444,77096,0.13055169844549055,V
V56,513444,77096,0.13055169844549055,V
V65,513444,77096,0.13055169844549055,V
V63,513444,77096,0.13055169844549055,V
V64,513444,77096,0.13055169844549055,V
V74,513444,77096,0.13055169844549055,V
V66,513444,77096,0.13055169844549055,V
V67,513444,77096,0.13055169844549055,V
V59,513444,77096,0.13055169844549055,V
V60,513444,77096,0.13055169844549055,V
V57,513444,77096,0.13055169844549055,V
V58,513444,77096,0.13055169844549055,V
V34,514467,76073,0.1288193856470349,V
V18,514467,76073,0.1288193856470349,V
V27,514467,76073,0.1288193856470349,V
V22,514467,76073,0.1288193856470349,V
V20,514467,76073,0.1288193856470349,V
V21,514467,76073,0.1288193856470349,V
V19,514467,76073,0.1288193856470349,V
V31,514467,76073,0.1288193856470349,V
V33,514467,76073,0.1288193856470349,V
V32,514467,76073,0.1288193856470349,V
V29,514467,76073,0.1288193856470349,V
V12,514467,76073,0.1288193856470349,V
V13,514467,76073,0.1288193856470349,V
V14,514467,76073,0.1288193856470349,V
V26,514467,76073,0.1288193856470349,V
V25,514467,76073,0.1288193856470349,V
V24,514467,76073,0.1288193856470349,V
V23,514467,76073,0.1288193856470349,V
V28,514467,76073,0.1288193856470349,V
V30,514467,76073,0.1288193856470349,V
V16,514467,76073,0.1288193856470349,V
V15,514467,76073,0.1288193856470349,V
V17,514467,76073,0.1288193856470349,V
D10,514518,76022,0.1287330240119213,D
addr1,524834,65706,0.1112642666034477,addr
addr2,524834,65706,0.1112642666034477,addr
card2,581607,8933,0.015126833068039422,card
card5,586281,4259,0.007212043214684865,card
card4,588963,1577,0.00267043722694483,card
card6,588969,1571,0.0026602770345785214,card
card3,588975,1565,0.0026501168422122124,card
V313,589271,1269,0.0021488806854743116,V
V314,589271,1269,0.0021488806854743116,V
V315,589271,1269,0.0021488806854743116,V
V300,589271,1269,0.0021488806854743116,V
V301,589271,1269,0.0021488806854743116,V
V282,589271,1269,0.0021488806854743116,V
V281,589271,1269,0.0021488806854743116,V
V283,589271,1269,0.0021488806854743116,V
V289,589271,1269,0.0021488806854743116,V
V288,589271,1269,0.0021488806854743116,V
V296,589271,1269,0.0021488806854743116,V
D1,589271,1269,0.0021488806854743116,D
V102,590226,314,0.0005317167338368274,V
V100,590226,314,0.0005317167338368274,V
V101,590226,314,0.0005317167338368274,V
V98,590226,314,0.0005317167338368274,V
V97,590226,314,0.0005317167338368274,V
V96,590226,314,0.0005317167338368274,V
V95,590226,314,0.0005317167338368274,V
V123,590226,314,0.0005317167338368274,V
V124,590226,314,0.0005317167338368274,V
V121,590226,314,0.0005317167338368274,V
V122,590226,314,0.0005317167338368274,V
V120,590226,314,0.0005317167338368274,V
V119,590226,314,0.0005317167338368274,V
V117,590226,314,0.0005317167338368274,V
V118,590226,314,0.0005317167338368274,V
V110,590226,314,0.0005317167338368274,V
V109,590226,314,0.0005317167338368274,V
V116,590226,314,0.0005317167338368274,V
V99,590226,314,0.0005317167338368274,V
V131,590226,314,0.0005317167338368274,V
V128,590226,314,0.0005317167338368274,V
V129,590226,314,0.0005317167338368274,V
V127,590226,314,0.0005317167338368274,V
V134,590226,314,0.0005317167338368274,V
V133,590226,314,0.0005317167338368274,V
V132,590226,314,0.0005317167338368274,V
V126,590226,314,0.0005317167338368274,V
V135,590226,314,0.0005317167338368274,V
V125,590226,314,0.0005317167338368274,V
V136,590226,314,0.0005317167338368274,V
V137,590226,314,0.0005317167338368274,V
V130,590226,314,0.0005317167338368274,V
V103,590226,314,0.0005317167338368274,V
V104,590226,314,0.0005317167338368274,V
V115,590226,314,0.0005317167338368274,V
V114,590226,314,0.0005317167338368274,V
V113,590226,314,0.0005317167338368274,V
V112,590226,314,0.0005317167338368274,V
V111,590226,314,0.0005317167338368274,V
V108,590226,314,0.0005317167338368274,V
V106,590226,314,0.0005317167338368274,V
V105,590226,314,0.0005317167338368274,V
V107,590226,314,0.0005317167338368274,V
V299,590528,12,2.0320384732617603e-05,V
V291,590528,12,2.0320384732617603e-05,V
V286,590528,12,2.0320384732617603e-05,V
V312,590528,12,2.0320384732617603e-05,V
V305,590528,12,2.0320384732617603e-05,V
V303,590528,12,2.0320384732617603e-05,V
V304,590528,12,2.0320384732617603e-05,V
V292,590528,12,2.0320384732617603e-05,V
V295,590528,12,2.0320384732617603e-05,V
V318,590528,12,2.0320384732617603e-05,V
V316,590528,12,2.0320384732617603e-05,V
V317,590528,12,2.0320384732617603e-05,V
V306,590528,12,2.0320384732617603e-05,V
V308,590528,12,2.0320384732617603e-05,V
V319,590528,12,2.0320384732617603e-05,V
V307,590528,12,2.0320384732617603e-05,V
V309,590528,12,2.0320384732617603e-05,V
V310,590528,12,2.0320384732617603e-05,V
V311,590528,12,2.0320384732617603e-05,V
V320,590528,12,2.0320384732617603e-05,V
V298,590528,12,2.0320384732617603e-05,V
V321,590528,12,2.0320384732617603e-05,V
V287,590528,12,2.0320384732617603e-05,V
V285,590528,12,2.0320384732617603e-05,V
V290,590528,12,2.0320384732617603e-05,V
V297,590528,12,2.0320384732617603e-05,V
V294,590528,12,2.0320384732617603e-05,V
V293,590528,12,2.0320384732617603e-05,V
V302,590528,12,2.0320384732617603e-05,V
V280,590528,12,2.0320384732617603e-05,V
V284,590528,12,2.0320384732617603e-05,V
V279,590528,12,2.0320384732617603e-05,V
C1,590540,0,0.0,C
C3,590540,0,0.0,C
C2,590540,0,0.0,C
card1,590540,0,0.0,card
C4,590540,0,0.0,C
C11,590540,0,0.0,C
C12,590540,0,0.0,C
C6,590540,0,0.0,C
C7,590540,0,0.0,C
C8,590540,0,0.0,C
C9,590540,0,0.0,C
C10,590540,0,0.0,C
C5,590540,0,0.0,C
C13,590540,0,0.0,C
C14,590540,0,0.0,C
ProductCD,590540,0,0.0,core
TransactionAmt,590540,0,0.0,core
TransactionDT,590540,0,0.0,core
isFraud,590540,0,0.0,core
TransactionID,590540,0,0.0,core
