column,min,max,mean,std,skew,p25,p50,p75,family
isFraud,0.0,1.0,0.03499001,0.18375464,5.0612226,0.0,0.0,0.0,core
TransactionAmt,0.251,31937.39,135.02718,239.16252,14.374488,43.32099914550781,68.76900100708008,125.0,core
card1,1000.0,18396.0,9898.734,4901.17,-0.04092898,6019.0,9678.0,14184.0,card
card2,100.0,600.0,362.5555,157.79324,-0.20000862,214.0,361.0,512.0,card
card3,100.0,231.0,153.19493,11.336444,2.0193257,150.0,150.0,150.0,card
card5,100.0,237.0,199.2789,41.244453,-1.2246023,166.0,226.0,226.0,card
addr1,100.0,540.0,290.7338,101.74107,0.37245527,204.0,299.0,330.0,addr
addr2,10.0,102.0,86.80063,2.6906235,-14.501154,87.0,87.0,87.0,addr
dist1,0.0,10286.0,118.50218,371.872,5.10819,3.0,8.0,24.0,dist
dist2,0.0,11623.0,231.85542,529.05347,5.972514,7.0,37.0,206.0,dist
C1,0.0,4685.0,14.092458,133.56902,23.957958,1.0,1.0,3.0,C
C2,0.0,5691.0,15.269734,154.6689,23.677431,1.0,1.0,3.0,C
C3,0.0,26.0,0.0056439866,0.15053561,88.94974,0.0,0.0,0.0,C
C4,0.0,2253.0,4.092185,68.84846,22.077658,0.0,0.0,0.0,C
C5,0.0,349.0,5.571526,25.786976,5.7936697,0.0,0.0,1.0,C
C6,0.0,2253.0,9.071082,71.50847,19.766861,1.0,1.0,2.0,C
C7,0.0,2255.0,2.8484776,61.727303,27.194048,0.0,0.0,0.0,C
C8,0.0,3331.0,5.1445746,95.37857,26.08338,0.0,0.0,0.0,C
C9,0.0,210.0,4.4802403,16.674896,5.6937494,0.0,1.0,2.0,C
C10,0.0,3257.0,5.2403426,95.58144,25.220512,0.0,0.0,0.0,C
C11,0.0,3188.0,10.241521,94.33629,22.356974,1.0,1.0,2.0,C
C12,0.0,3188.0,4.0762267,86.666214,27.415127,0.0,0.0,0.0,C
C13,0.0,2918.0,32.53992,129.36485,8.986417,1.0,3.0,12.0,C
C14,0.0,1429.0,8.295215,49.544262,16.534885,1.0,1.0,2.0,C
D1,0.0,640.0,94.34757,157.66039,1.8053812,0.0,3.0,122.0,D
D2,0.0,640.0,169.56323,177.31587,1.0156577,26.0,97.0,276.0,D
D3,0.0,819.0,28.343348,62.384724,4.5392776,1.0,8.0,27.0,D
D4,-122.0,869.0,140.00244,191.09677,1.1713309,0.0,26.0,253.0,D
D5,0.0,819.0,42.335964,89.000145,3.3931088,1.0,10.0,32.0,D
D6,-83.0,873.0,69.80572,143.66925,2.2617633,0.0,0.0,40.0,D
D7,0.0,843.0,41.63895,99.74326,2.9502625,0.0,0.0,17.0,D
D8,0.0,1707.7916,146.0581,231.66383,2.2374442,0.9583330154418945,37.875,187.9583282470703,D
D9,0.0,0.958333,0.5610571,0.31687957,-0.5859054,0.20833300054073334,0.6666659712791443,0.8333330154418945,D
D10,0.0,876.0,123.98213,182.61522,1.3915097,0.0,15.0,197.0,D
D11,-53.0,670.0,146.62146,186.04262,1.0511936,0.0,43.0,274.0,D
D12,-83.0,648.0,54.037533,124.27456,2.45986,0.0,0.0,13.0,D
D13,0.0,847.0,17.901295,67.614426,5.4097857,0.0,0.0,0.0,D
D14,-193.0,878.0,57.724445,136.31245,2.5770204,0.0,0.0,2.0,D
D15,-83.0,879.0,163.74458,202.72665,0.9573552,0.0,52.0,314.0,D
V1,0.0,1.0,0.9999454,0.0073902057,-135.30031,1.0,1.0,1.0,V
V2,0.0,8.0,1.0452044,0.2401329,6.7568765,1.0,1.0,1.0,V
V3,0.0,9.0,1.0780747,0.32088983,5.375158,1.0,1.0,1.0,V
V4,0.0,6.0,0.8464561,0.44005328,-0.4330045,1.0,1.0,1.0,V
V5,0.0,6.0,0.87699074,0.4759025,0.23126243,1.0,1.0,1.0,V
V6,0.0,9.0,1.0456864,0.23938492,6.706684,1.0,1.0,1.0,V
V7,0.0,9.0,1.07287,0.3047788,5.498782,1.0,1.0,1.0,V
V8,0.0,8.0,1.0277041,0.18606937,8.590511,1.0,1.0,1.0,V
V9,0.0,8.0,1.0415289,0.22633873,6.926904,1.0,1.0,1.0,V
V10,0.0,4.0,0.4639152,0.5215221,0.41882822,0.0,0.0,1.0,V
V11,0.0,5.0,0.47898656,0.5524308,0.7365921,0.0,0.0,1.0,V
V12,0.0,3.0,0.55971134,0.51053303,-0.06960673,0.0,1.0,1.0,V
V13,0.0,6.0,0.59916574,0.5321851,0.07660364,0.0,1.0,1.0,V
V14,0.0,1.0,0.99950045,0.022344967,-44.70827,1.0,1.0,1.0,V
V15,0.0,7.0,0.122342154,0.33242175,2.5870671,0.0,0.0,0.0,V
V16,0.0,15.0,0.123459816,0.34284106,3.8332205,0.0,0.0,0.0,V
V17,0.0,15.0,0.1340397,0.36445647,3.7940874,0.0,0.0,0.0,V
V18,0.0,15.0,0.1353634,0.37176332,4.00778,0.0,0.0,0.0,V
V19,0.0,7.0,0.81637114,0.42551187,-0.8776543,1.0,1.0,1.0,V
V20,0.0,15.0,0.8478425,0.45945057,0.2512743,1.0,1.0,1.0,V
V21,0.0,5.0,0.12968373,0.33905968,2.3079624,0.0,0.0,0.0,V
V22,0.0,8.0,0.13229226,0.35941476,3.6339822,0.0,0.0,0.0,V
V23,0.0,13.0,1.0347914,0.2476806,12.116572,1.0,1.0,1.0,V
V24,0.0,13.0,1.058097,0.30548504,9.086477,1.0,1.0,1.0,V
V25,0.0,7.0,0.97766036,0.18524492,-2.6480663,1.0,1.0,1.0,V
V26,0.0,13.0,0.98804003,0.20930214,2.686925,1.0,1.0,1.0,V
V27,0.0,4.0,0.0007755599,0.028595852,40.56714,0.0,0.0,0.0,V
V28,0.0,4.0,0.0008299852,0.031132761,42.885307,0.0,0.0,0.0,V
V29,0.0,5.0,0.38784024,0.51065177,0.77437717,0.0,0.0,1.0,V
V30,0.0,9.0,0.40643618,0.55431074,1.2828331,0.0,0.0,1.0,V
V31,0.0,7.0,0.14076121,0.35579282,2.438414,0.0,0.0,0.0,V
V32,0.0,15.0,0.1424173,0.36827767,3.5308847,0.0,0.0,0.0,V
V33,0.0,7.0,0.13069254,0.34090024,2.3373687,0.0,0.0,0.0,V
V34,0.0,13.0,0.13915372,0.35754898,2.9521873,0.0,0.0,0.0,V
V35,0.0,3.0,0.54259425,0.51601005,0.03590955,0.0,1.0,1.0,V
V36,0.0,5.0,0.5791978,0.5390387,0.18143901,0.0,1.0,1.0,V
V37,0.0,54.0,1.1080649,0.6905711,22.63036,1.0,1.0,1.0,V
V38,0.0,54.0,1.1623996,0.8589201,18.35916,1.0,1.0,1.0,V
V39,0.0,15.0,0.1660764,0.45195553,5.951601,0.0,0.0,0.0,V
V40,0.0,24.0,0.17714454,0.5057865,6.6453495,0.0,0.0,0.0,V
V41,0.0,1.0,0.9992694,0.02701978,-36.95602,1.0,1.0,1.0,V
V42,0.0,8.0,0.15611842,0.3828959,2.4411268,0.0,0.0,0.0,V
V43,0.0,8.0,0.16894189,0.43335882,3.094111,0.0,0.0,0.0,V
V44,0.0,48.0,1.0838909,0.63914335,29.039484,1.0,1.0,1.0,V
V45,0.0,48.0,1.1207792,0.7297735,23.218632,1.0,1.0,1.0,V
V46,0.0,6.0,1.0222857,0.16671894,7.7627892,1.0,1.0,1.0,V
V47,0.0,12.0,1.0385154,0.23186214,10.041885,1.0,1.0,1.0,V
V48,0.0,5.0,0.38317388,0.50818896,0.7673573,0.0,0.0,1.0,V
V49,0.0,5.0,0.39772424,0.5426537,1.1253984,0.0,0.0,1.0,V
V50,0.0,5.0,0.16474567,0.37399542,1.9110273,0.0,0.0,0.0,V
V51,0.0,6.0,0.17057863,0.40389886,2.413839,0.0,0.0,0.0,V
V52,0.0,12.0,0.18269521,0.43900165,3.2987545,0.0,0.0,0.0,V
V53,0.0,5.0,0.5775859,0.5115705,-0.09354872,0.0,1.0,1.0,V
V54,0.0,6.0,0.61998194,0.53463477,0.08941417,0.0,1.0,1.0,V
V55,0.0,17.0,1.0676705,0.3913637,10.421622,1.0,1.0,1.0,V
V56,0.0,51.0,1.1209791,0.6611285,23.55671,1.0,1.0,1.0,V
V57,0.0,6.0,0.12831195,0.34909433,2.677625,0.0,0.0,0.0,V
V58,0.0,10.0,0.1324526,0.37290725,3.7931278,0.0,0.0,0.0,V
V59,0.0,16.0,0.13443336,0.37929127,4.3800693,0.0,0.0,0.0,V
V60,0.0,16.0,0.14253746,0.4182296,4.9928775,0.0,0.0,0.0,V
V61,0.0,6.0,0.82978475,0.43661693,-0.5946745,1.0,1.0,1.0,V
V62,0.0,10.0,0.86756295,0.48380342,0.60644096,1.0,1.0,1.0,V
V63,0.0,7.0,0.1307426,0.3552625,2.8289847,0.0,0.0,0.0,V
V64,0.0,7.0,0.14182462,0.40615728,3.8473945,0.0,0.0,0.0,V
V65,0.0,1.0,0.99966305,0.01835286,-54.450912,1.0,1.0,1.0,V
V66,0.0,7.0,0.98103786,0.21623516,-0.81422174,1.0,1.0,1.0,V
V67,0.0,8.0,0.99812055,0.24591158,1.3259515,1.0,1.0,1.0,V
V68,0.0,2.0,0.0005336512,0.023759833,46.688377,0.0,0.0,0.0,V
V69,0.0,5.0,0.3902003,0.51369554,0.7948386,0.0,0.0,1.0,V
V70,0.0,6.0,0.40792376,0.5544992,1.2288183,0.0,0.0,1.0,V
V71,0.0,6.0,0.14063852,0.3643031,2.556247,0.0,0.0,0.0,V
V72,0.0,10.0,0.14512391,0.38921192,3.6106887,0.0,0.0,0.0,V
V73,0.0,7.0,0.13998216,0.367098,2.6464267,0.0,0.0,0.0,V
V74,0.0,8.0,0.15214707,0.39327413,2.813098,0.0,0.0,0.0,V
V75,0.0,4.0,0.54427814,0.51431763,0.017728852,0.0,1.0,1.0,V
V76,0.0,6.0,0.587557,0.5382304,0.17602539,0.0,1.0,1.0,V
V77,0.0,30.0,1.0868928,0.53295755,13.232729,1.0,1.0,1.0,V
V78,0.0,31.0,1.1444625,0.78147405,15.270201,1.0,1.0,1.0,V
V79,0.0,7.0,0.13686734,0.37990376,3.886899,0.0,0.0,0.0,V
V80,0.0,19.0,0.14395384,0.40993187,5.687943,0.0,0.0,0.0,V
V81,0.0,19.0,0.15269578,0.45229775,5.9423504,0.0,0.0,0.0,V
V82,0.0,7.0,0.8446096,0.4225286,-0.7117931,1.0,1.0,1.0,V
V83,0.0,7.0,0.88196486,0.47075677,0.56099635,1.0,1.0,1.0,V
V84,0.0,7.0,0.13714458,0.36187494,2.713794,0.0,0.0,0.0,V
V85,0.0,7.0,0.14978778,0.41944495,3.7419522,0.0,0.0,0.0,V
V86,0.0,30.0,1.0648854,0.41980666,16.930536,1.0,1.0,1.0,V
V87,0.0,30.0,1.0994563,0.5112811,14.804525,1.0,1.0,1.0,V
V88,0.0,1.0,0.99924606,0.027447373,-36.378567,1.0,1.0,1.0,V
V89,0.0,2.0,0.00090151903,0.031943373,38.588844,0.0,0.0,0.0,V
V90,0.0,5.0,0.40186208,0.5161529,0.7424828,0.0,0.0,1.0,V
V91,0.0,6.0,0.42046088,0.56186473,1.2462709,0.0,0.0,1.0,V
V92,0.0,7.0,0.15032232,0.3756819,2.5271273,0.0,0.0,0.0,V
V93,0.0,7.0,0.15481196,0.40231356,3.5891905,0.0,0.0,0.0,V
V94,0.0,2.0,0.13700695,0.34387824,2.1119113,0.0,0.0,0.0,V
V95,0.0,880.0,1.0380193,21.034304,30.242125,0.0,0.0,0.0,V
V96,0.0,1410.0,3.0051894,40.23949,26.029182,0.0,0.0,1.0,V
V97,0.0,976.0,1.7189331,27.700449,25.323586,0.0,0.0,0.0,V
V98,0.0,12.0,0.061984733,0.28499484,6.3881826,0.0,0.0,0.0,V
V99,0.0,88.0,0.894986,2.722552,11.063967,0.0,0.0,1.0,V
V100,0.0,28.0,0.27350372,0.94717574,8.735115,0.0,0.0,0.0,V
V101,0.0,869.0,0.8892492,20.582571,30.631153,0.0,0.0,0.0,V
V102,0.0,1285.0,1.8272289,35.928455,26.990225,0.0,0.0,0.0,V
V103,0.0,928.0,1.2792879,25.685642,26.03116,0.0,0.0,0.0,V
V104,0.0,15.0,0.08543338,0.6487175,14.883762,0.0,0.0,0.0,V
V105,0.0,99.0,0.28114486,3.3739483,20.891428,0.0,0.0,0.0,V
V106,0.0,55.0,0.16458441,1.8256655,19.485521,0.0,0.0,0.0,V
V107,0.0,1.0,0.99957985,0.020493956,-48.75404,1.0,1.0,1.0,V
V108,0.0,7.0,1.0046135,0.08114599,17.82412,1.0,1.0,1.0,V
V109,0.0,7.0,1.0148164,0.12776938,9.726837,1.0,1.0,1.0,V
V110,0.0,7.0,1.0077394,0.09728968,13.751101,1.0,1.0,1.0,V
V111,0.0,9.0,1.0025635,0.07083034,31.707489,1.0,1.0,1.0,V
V112,0.0,9.0,1.0053556,0.084617384,23.146141,1.0,1.0,1.0,V
V113,0.0,9.0,1.0033834,0.07475367,28.965141,1.0,1.0,1.0,V
V114,0.0,6.0,1.0092981,0.1101789,13.059695,1.0,1.0,1.0,V
V115,0.0,6.0,1.0324503,0.19038464,6.588833,1.0,1.0,1.0,V
V116,0.0,6.0,1.015738,0.13677025,9.786051,1.0,1.0,1.0,V
V117,0.0,3.0,1.0003914,0.03523842,9.375625,1.0,1.0,1.0,V
V118,0.0,3.0,1.001474,0.041011352,21.556211,1.0,1.0,1.0,V
V119,0.0,3.0,1.0007285,0.036392137,15.477518,1.0,1.0,1.0,V
V120,0.0,3.0,1.0008743,0.041683998,12.849705,1.0,1.0,1.0,V
V121,0.0,3.0,1.0042763,0.06709712,14.369064,1.0,1.0,1.0,V
V122,0.0,3.0,1.0017587,0.04863636,15.707779,1.0,1.0,1.0,V
V123,0.0,13.0,1.0311203,0.22813419,12.875534,1.0,1.0,1.0,V
V124,0.0,13.0,1.0929745,0.3741033,6.087491,1.0,1.0,1.0,V
V125,0.0,13.0,1.0504146,0.280037,8.995105,1.0,1.0,1.0,V
V126,0.0,160000.0,129.97942,2346.9517,29.581657,0.0,0.0,0.0,V
V127,0.0,160000.0,336.61154,4238.667,25.68387,0.0,0.0,107.94999694824219,V
V128,0.0,160000.0,204.09404,3010.2588,25.051847,0.0,0.0,0.0,V
V129,0.0,55125.0,8.768945,113.83283,240.27426,0.0,0.0,0.0,V
V130,0.0,55125.0,92.16585,315.96048,26.29563,0.0,0.0,59.0,V
V131,0.0,55125.0,31.1333,161.16125,89.59535,0.0,0.0,0.0,V
V132,0.0,93736.0,103.51318,2266.1062,30.231451,0.0,0.0,0.0,V
V133,0.0,133915.0,204.88914,3796.3167,26.864237,0.0,0.0,0.0,V
V134,0.0,98476.0,145.97234,2772.9868,25.988068,0.0,0.0,0.0,V
V135,0.0,90750.0,17.250132,293.84756,144.8832,0.0,0.0,0.0,V
V136,0.0,90750.0,38.821198,451.8084,49.02205,0.0,0.0,0.0,V
V137,0.0,90750.0,26.36509,348.3327,90.58312,0.0,0.0,0.0,V
V138,0.0,22.0,0.036439076,0.4284896,22.57569,0.0,0.0,0.0,V
V139,0.0,33.0,1.0739155,1.3339238,5.9139357,0.0,1.0,1.0,V
V140,0.0,33.0,1.1252669,1.4678497,5.5807447,0.0,1.0,1.0,V
V141,0.0,5.0,0.037696015,0.21513322,6.7481537,0.0,0.0,0.0,V
V142,0.0,9.0,0.048581365,0.3138882,9.991112,0.0,0.0,0.0,V
V143,0.0,869.0,8.397005,55.267544,10.999318,0.0,0.0,0.0,V
V144,0.0,62.0,3.7084844,10.485633,3.1109445,0.0,0.0,0.0,V
V145,0.0,297.0,22.112946,64.37186,3.0161746,0.0,0.0,1.0,V
V146,0.0,24.0,0.15627556,0.6823275,9.972516,0.0,0.0,0.0,V
V147,0.0,26.0,0.16860089,0.75049704,9.9420185,0.0,0.0,0.0,V
V148,0.0,20.0,0.76500094,0.5814254,6.014021,0.0,1.0,1.0,V
V149,0.0,20.0,0.7753127,0.62819093,6.552868,0.0,1.0,1.0,V
V150,1.0,3389.0,277.59802,829.5769,2.8469002,1.0,1.0,1.0,V
V151,1.0,57.0,6.46019,15.232324,2.6000261,1.0,1.0,1.0,V
V152,1.0,69.0,9.43271,21.554487,2.202548,1.0,1.0,1.0,V
V153,0.0,18.0,0.7532003,0.5326488,4.702148,0.0,1.0,1.0,V
V154,0.0,18.0,0.7574227,0.546907,4.7607126,0.0,1.0,1.0,V
V155,0.0,24.0,0.76738054,0.6026785,7.935435,0.0,1.0,1.0,V
V156,0.0,24.0,0.7774849,0.647209,8.063139,0.0,1.0,1.0,V
V157,0.0,24.0,0.8175728,0.6820159,6.1295085,0.0,1.0,1.0,V
V158,0.0,24.0,0.83346146,0.734336,6.225753,0.0,1.0,1.0,V
V159,0.0,55125.0,2719.2998,8355.445,3.046765,0.0,0.0,0.0,V
V160,0.0,641511.44,47453.176,142076.08,2.9969294,0.0,0.0,0.0,V
V161,0.0,3300.0,4.843938,58.929756,32.794025,0.0,0.0,0.0,V
V162,0.0,3300.0,6.594661,69.19518,25.202366,0.0,0.0,0.0,V
V163,0.0,3300.0,5.505955,63.07789,30.285818,0.0,0.0,0.0,V
V164,0.0,93736.0,877.88885,6049.1665,11.028942,0.0,0.0,0.0,V
V165,0.0,98476.0,2239.912,8223.259,6.809083,0.0,0.0,0.0,V
V166,0.0,104060.0,359.46945,1244.4633,27.331919,0.0,0.0,0.0,V
V167,0.0,872.0,3.9295142,42.20098,14.948567,0.0,0.0,0.0,V
V168,0.0,964.0,5.859501,54.032467,12.490654,0.0,0.0,1.0,V
V169,0.0,19.0,0.16805299,0.90494394,8.840945,0.0,0.0,0.0,V
V170,0.0,48.0,1.436779,1.7511425,8.980015,1.0,1.0,1.0,V
V171,0.0,61.0,1.6909075,2.4447477,6.724036,1.0,1.0,1.0,V
V172,0.0,31.0,0.13201223,0.9248943,19.566936,0.0,0.0,0.0,V
V173,0.0,7.0,0.055231288,0.26443917,6.1994066,0.0,0.0,0.0,V
V174,0.0,8.0,0.12779379,0.37976336,3.492904,0.0,0.0,0.0,V
V175,0.0,14.0,0.2126392,0.8571328,6.4453816,0.0,0.0,0.0,V
V176,0.0,48.0,1.3769794,1.8294201,12.14458,1.0,1.0,1.0,V
V177,0.0,861.0,3.529245,41.310623,15.14788,0.0,0.0,0.0,V
V178,0.0,1235.0,6.649283,69.447365,13.301417,0.0,0.0,0.0,V
V179,0.0,920.0,4.869012,50.489426,13.046517,0.0,0.0,0.0,V
V180,0.0,83.0,0.92412335,6.11263,8.694272,0.0,0.0,0.0,V
V181,0.0,24.0,0.253332,1.2489741,8.083228,0.0,0.0,0.0,V
V182,0.0,83.0,0.85624254,5.792934,9.153313,0.0,0.0,0.0,V
V183,0.0,41.0,0.4846918,2.946982,8.853769,0.0,0.0,0.0,V
V184,0.0,16.0,0.13236399,0.54369855,7.3634887,0.0,0.0,0.0,V
V185,0.0,31.0,0.1739034,0.69973284,9.941716,0.0,0.0,0.0,V
V186,0.0,38.0,1.1487993,1.2235291,16.512394,1.0,1.0,1.0,V
V187,0.0,218.0,1.8437525,9.88439,15.678369,1.0,1.0,1.0,V
V188,0.0,30.0,1.0147548,0.67120653,13.021911,1.0,1.0,1.0,V
V189,0.0,30.0,1.0383139,0.7925279,11.779129,1.0,1.0,1.0,V
V190,0.0,42.0,1.213083,1.4803183,14.564957,1.0,1.0,1.0,V
V191,0.0,21.0,1.058984,0.6775273,17.766176,1.0,1.0,1.0,V
V192,0.0,44.0,1.2373613,2.6359615,12.929719,1.0,1.0,1.0,V
V193,0.0,37.0,1.149845,1.7147923,14.61035,1.0,1.0,1.0,V
V194,0.0,7.0,0.94577277,0.3041579,0.38243276,1.0,1.0,1.0,V
V195,0.0,16.0,0.95422655,0.37641957,8.795019,1.0,1.0,1.0,V
V196,0.0,38.0,1.0845801,1.1058338,20.564257,1.0,1.0,1.0,V
V197,0.0,14.0,0.94938457,0.33687055,4.1804547,1.0,1.0,1.0,V
V198,0.0,21.0,0.9619508,0.49306494,15.333209,1.0,1.0,1.0,V
V199,0.0,45.0,1.2707493,1.6718628,13.750157,1.0,1.0,1.0,V
V200,0.0,45.0,1.1199765,1.2538527,16.575851,1.0,1.0,1.0,V
V201,0.0,55.0,1.1591057,1.4186181,15.689874,1.0,1.0,1.0,V
V202,0.0,104060.0,444.14716,4683.828,14.596263,0.0,0.0,0.0,V
V203,0.0,139777.0,1078.3275,9105.608,10.563361,0.0,0.0,30.924400329589844,V
V204,0.0,104060.0,686.9569,6048.981,11.6709795,0.0,0.0,20.0,V
V205,0.0,55125.0,18.060417,266.54544,84.9048,0.0,0.0,0.0,V
V206,0.0,55125.0,6.1893597,191.47401,207.88164,0.0,0.0,0.0,V
V207,0.0,55125.0,72.284096,925.67664,21.015291,0.0,0.0,0.0,V
V208,0.0,3300.0,8.888193,59.047127,25.523117,0.0,0.0,0.0,V
V209,0.0,8050.0,35.00187,250.80081,11.944748,0.0,0.0,0.0,V
V210,0.0,3300.0,14.391834,86.52373,14.673158,0.0,0.0,0.0,V
V211,0.0,92888.0,385.13702,4541.838,15.000721,0.0,0.0,0.0,V
V212,0.0,129006.0,765.98834,7496.121,12.629408,0.0,0.0,0.0,V
V213,0.0,97628.0,536.3028,5471.6646,12.928301,0.0,0.0,0.0,V
V214,0.0,104060.0,38.43755,571.8343,119.173615,0.0,0.0,0.0,V
V215,0.0,104060.0,133.2082,1040.4537,25.55006,0.0,0.0,0.0,V
V216,0.0,104060.0,71.10715,680.26764,73.49387,0.0,0.0,0.0,V
V217,0.0,303.0,1.0546193,9.547355,23.771368,0.0,0.0,0.0,V
V218,0.0,400.0,1.725784,13.919876,19.661104,0.0,0.0,1.0,V
V219,0.0,378.0,1.3671318,12.044032,22.332264,0.0,0.0,1.0,V
V220,0.0,25.0,0.16947164,1.002463,10.328408,0.0,0.0,0.0,V
V221,0.0,384.0,1.2749124,2.728792,51.301765,1.0,1.0,1.0,V
V222,0.0,384.0,1.3590046,2.9137719,44.06854,1.0,1.0,1.0,V
V223,0.0,16.0,0.09315342,0.40223202,11.188394,0.0,0.0,0.0,V
V224,0.0,144.0,0.39474815,3.4433103,29.951225,0.0,0.0,0.0,V
V225,0.0,51.0,0.19175804,1.29082,27.156422,0.0,0.0,0.0,V
V226,0.0,242.0,0.24761175,2.7564492,30.260109,0.0,0.0,0.0,V
V227,0.0,360.0,0.14797477,2.0493634,99.428665,0.0,0.0,0.0,V
V228,0.0,54.0,1.3519282,1.4097223,10.79625,1.0,1.0,1.0,V
V229,0.0,176.0,1.6387104,4.316026,29.3674,1.0,1.0,1.0,V
V230,0.0,65.0,1.4654757,2.1227827,15.014109,1.0,1.0,1.0,V
V231,0.0,293.0,0.7655064,8.877118,24.594675,0.0,0.0,0.0,V
V232,0.0,337.0,1.0055969,10.460253,23.176828,0.0,0.0,0.0,V
V233,0.0,332.0,0.90838766,10.149884,23.884892,0.0,0.0,0.0,V
V234,0.0,121.0,2.0928466,11.323036,6.291483,0.0,0.0,0.0,V
V235,0.0,23.0,0.18410642,0.9026394,10.8203125,0.0,0.0,0.0,V
V236,0.0,45.0,0.30766696,2.152332,14.893995,0.0,0.0,0.0,V
V237,0.0,39.0,0.25349995,1.7166338,15.576008,0.0,0.0,0.0,V
V238,0.0,23.0,0.12795582,0.57465744,10.167951,0.0,0.0,0.0,V
V239,0.0,23.0,0.1369647,0.6162603,10.185797,0.0,0.0,0.0,V
V240,0.0,7.0,1.0009967,0.049522202,80.11412,1.0,1.0,1.0,V
V241,0.0,5.0,1.0002377,0.022663472,91.52057,1.0,1.0,1.0,V
V242,0.0,20.0,1.1134632,0.6601103,11.2311125,1.0,1.0,1.0,V
V243,0.0,57.0,1.1783869,1.3989526,25.532944,1.0,1.0,1.0,V
V244,0.0,22.0,1.1185616,0.69880706,11.481951,1.0,1.0,1.0,V
V245,0.0,262.0,0.87661934,1.8210647,76.51329,1.0,1.0,1.0,V
V246,0.0,45.0,1.1837231,1.0403627,14.52885,1.0,1.0,1.0,V
V247,0.0,18.0,1.0253546,0.28160435,25.790464,1.0,1.0,1.0,V
V248,0.0,36.0,1.0694932,0.8883414,33.60335,1.0,1.0,1.0,V
V249,0.0,22.0,1.0428506,0.52881247,29.554087,1.0,1.0,1.0,V
V250,0.0,18.0,0.7885883,0.48838595,3.3583126,1.0,1.0,1.0,V
V251,0.0,18.0,0.7942312,0.5012401,3.4837098,1.0,1.0,1.0,V
V252,0.0,24.0,1.0320479,0.3895455,26.339893,1.0,1.0,1.0,V
V253,0.0,163.0,1.1621636,3.6125534,39.223846,1.0,1.0,1.0,V
V254,0.0,60.0,1.075113,1.3575501,36.5276,1.0,1.0,1.0,V
V255,0.0,87.0,0.8066555,0.9391243,43.936386,1.0,1.0,1.0,V
V256,0.0,87.0,0.8149502,0.9699528,41.82977,1.0,1.0,1.0,V
V257,0.0,48.0,1.2509929,1.2999564,13.350738,1.0,1.0,1.0,V
V258,0.0,66.0,1.3435099,2.0158107,17.42517,1.0,1.0,1.0,V
V259,0.0,285.0,0.9678325,2.1134474,60.7479,1.0,1.0,1.0,V
V260,0.0,8.0,0.9644254,0.37982833,1.6876912,1.0,1.0,1.0,V
V261,0.0,49.0,1.1071609,1.3232305,20.736465,1.0,1.0,1.0,V
V262,0.0,20.0,1.0132792,0.6254548,10.746055,1.0,1.0,1.0,V
V263,0.0,153600.0,117.39068,1294.8516,38.688824,0.0,0.0,0.0,V
V264,0.0,153600.0,201.65762,2284.8274,24.497034,0.0,0.0,33.59349822998047,V
V265,0.0,153600.0,153.52054,1605.5123,28.091387,0.0,0.0,20.897525787353516,V
V266,0.0,55125.0,9.167838,208.03886,175.95877,0.0,0.0,0.0,V
V267,0.0,55125.0,36.5251,644.8786,38.006832,0.0,0.0,0.0,V
V268,0.0,55125.0,18.813408,311.28018,69.16537,0.0,0.0,0.0,V
V269,0.0,55125.0,5.997508,207.31754,177.83894,0.0,0.0,0.0,V
V270,0.0,4000.0,7.7127633,65.50723,32.766598,0.0,0.0,0.0,V
V271,0.0,4000.0,9.445133,74.14773,26.446257,0.0,0.0,0.0,V
V272,0.0,4000.0,8.464571,69.72374,29.568806,0.0,0.0,0.0,V
V273,0.0,51200.0,73.82555,935.1879,23.659615,0.0,0.0,0.0,V
V274,0.0,66000.0,107.151634,1258.7341,20.149853,0.0,0.0,0.0,V
V275,0.0,51200.0,88.89995,1072.8832,21.931784,0.0,0.0,0.0,V
V276,0.0,104060.0,31.797276,615.6597,108.71797,0.0,0.0,0.0,V
V277,0.0,104060.0,51.956642,732.1453,69.36961,0.0,0.0,0.0,V
V278,0.0,104060.0,42.328228,660.6118,90.283585,0.0,0.0,0.0,V
V279,0.0,880.0,1.1230611,21.02195,30.238499,0.0,0.0,0.0,V
V280,0.0,975.0,1.967082,27.85178,24.78159,0.0,0.0,1.0,V
V281,0.0,22.0,0.08778304,0.5127478,10.011145,0.0,0.0,0.0,V
V282,0.0,32.0,0.8171707,0.92188007,3.8312492,0.0,1.0,1.0,V
V283,0.0,68.0,0.99111444,1.5587311,12.396721,0.0,1.0,1.0,V
V284,0.0,12.0,0.0885428,0.33842358,5.2957144,0.0,0.0,0.0,V
V285,0.0,95.0,1.1676601,3.2824535,12.290261,0.0,0.0,1.0,V
V286,0.0,8.0,0.031492155,0.19093937,7.593329,0.0,0.0,0.0,V
V287,0.0,31.0,0.3585791,1.0789951,8.84039,0.0,0.0,0.0,V
V288,0.0,10.0,0.18434982,0.43098885,2.5547621,0.0,0.0,0.0,V
V289,0.0,12.0,0.23597462,0.59923136,3.5098805,0.0,0.0,0.0,V
V290,1.0,67.0,1.1030113,0.7688966,34.572296,1.0,1.0,1.0,V
V291,1.0,1055.0,1.6598113,16.252539,50.158245,1.0,1.0,1.0,V
V292,1.0,323.0,1.2399158,3.7750497,51.22819,1.0,1.0,1.0,V
V293,0.0,869.0,0.9425988,20.588816,30.582338,0.0,0.0,0.0,V
V294,0.0,1286.0,2.3138633,39.526466,23.853655,0.0,0.0,0.0,V
V295,0.0,928.0,1.433424,25.962948,25.340897,0.0,0.0,0.0,V
V296,0.0,93.0,0.32891658,3.2647445,18.929108,0.0,0.0,0.0,V
V297,0.0,12.0,0.08903388,0.6283524,13.277493,0.0,0.0,0.0,V
V298,0.0,93.0,0.2988292,3.175062,19.894081,0.0,0.0,0.0,V
V299,0.0,49.0,0.17165487,1.7242184,18.684631,0.0,0.0,0.0,V
V300,0.0,11.0,0.045507077,0.28957272,10.847376,0.0,0.0,0.0,V
V301,0.0,13.0,0.05200154,0.31830984,10.542805,0.0,0.0,0.0,V
V302,0.0,16.0,0.25176114,0.48188856,2.8026485,0.0,0.0,0.0,V
V303,0.0,20.0,0.28313982,0.6236083,5.164687,0.0,0.0,0.0,V
V304,0.0,16.0,0.26420763,0.52823776,3.2895103,0.0,0.0,0.0,V
V305,1.0,2.0,1.0000068,0.0026026072,384.22617,1.0,1.0,1.0,V
V306,0.0,108800.0,139.74872,2348.8496,29.272873,0.0,0.0,0.0,V
V307,0.0,145765.0,408.68237,4391.993,23.667913,0.0,0.0,151.38067626953125,V
V308,0.0,108800.0,230.4132,3021.9243,24.53005,0.0,0.0,35.970001220703125,V
V309,0.0,55125.0,10.995986,116.25427,224.87526,0.0,0.0,0.0,V
V310,0.0,55125.0,118.19566,352.9831,19.49776,0.0,0.0,107.94999694824219,V
V311,0.0,55125.0,4.202175,102.37494,323.83136,0.0,0.0,0.0,V
V312,0.0,55125.0,39.17391,172.12834,73.603386,0.0,0.0,0.0,V
V313,0.0,4817.47,21.351473,95.90297,14.027795,0.0,0.0,0.0,V
V314,0.0,7519.87,43.31917,173.61903,10.748924,0.0,0.0,0.0,V
V315,0.0,4817.47,26.806976,116.853226,12.118095,0.0,0.0,0.0,V
V316,0.0,93736.0,109.81853,2270.0332,30.09739,0.0,0.0,0.0,V
V317,0.0,134021.0,247.60675,3980.0427,24.597408,0.0,0.0,0.0,V
V318,0.0,98476.0,162.15338,2793.3435,25.482828,0.0,0.0,0.0,V
V319,0.0,104060.0,18.372477,332.30484,181.83365,0.0,0.0,0.0,V
V320,0.0,104060.0,42.073135,473.4993,70.51556,0.0,0.0,0.0,V
V321,0.0,104060.0,28.326582,382.05316,123.55647,0.0,0.0,0.0,V
V322,0.0,880.0,6.2202888,56.02256,11.197449,0.0,0.0,0.0,V
V323,0.0,1411.0,13.103775,106.739815,9.734561,0.0,0.0,1.0,V
V324,0.0,976.0,9.184612,73.62789,9.363781,0.0,0.0,0.0,V
V325,0.0,12.0,0.05849352,0.30441472,8.357876,0.0,0.0,0.0,V
V326,0.0,44.0,0.85104007,3.950295,5.800059,0.0,0.0,0.0,V
V327,0.0,18.0,0.2966327,1.3643562,5.862746,0.0,0.0,0.0,V
V328,0.0,15.0,0.33679008,1.5801444,6.6346745,0.0,0.0,0.0,V
V329,0.0,99.0,1.3128438,8.769083,8.098769,0.0,0.0,0.0,V
V330,0.0,55.0,0.775874,4.7279716,7.5789623,0.0,0.0,0.0,V
V331,0.0,160000.0,721.7419,6217.2236,11.088959,0.0,0.0,0.0,V
V332,0.0,160000.0,1375.7837,11169.275,9.769036,0.0,0.0,25.0,V
V333,0.0,160000.0,1014.6227,7955.7354,9.399688,0.0,0.0,0.0,V
V334,0.0,55125.0,9.807015,243.86139,168.4728,0.0,0.0,0.0,V
V335,0.0,55125.0,59.16455,387.6295,54.142418,0.0,0.0,0.0,V
V336,0.0,55125.0,28.530905,274.5769,118.72295,0.0,0.0,0.0,V
V337,0.0,104060.0,55.352417,668.4868,85.77116,0.0,0.0,0.0,V
V338,0.0,104060.0,151.16054,1095.0343,23.644512,0.0,0.0,0.0,V
V339,0.0,104060.0,100.700874,814.9467,48.91001,0.0,0.0,0.0,V
