column,fold_index,n_values,n_oov,oov_rate
M1,1,40944,0,0.0
M1,2,34778,0,0.0
M1,3,75142,0,0.0
M2,1,40944,0,0.0
M2,2,34778,0,0.0
M2,3,75142,0,0.0
M3,1,40944,0,0.0
M3,2,34778,0,0.0
M3,3,75142,0,0.0
M4,1,32933,0,0.0
M4,2,25881,0,0.0
M4,3,56748,0,0.0
M5,1,24577,0,0.0
M5,2,20656,0,0.0
M5,3,45323,0,0.0
M6,1,43541,0,0.0
M6,2,37353,0,0.0
M6,3,79482,0,0.0
M7,1,35530,0,0.0
M7,2,27241,0,0.0
M7,3,64213,0,0.0
M8,1,35533,0,0.0
M8,2,27242,0,0.0
M8,3,64219,0,0.0
M9,1,35533,0,0.0
M9,2,27242,0,0.0
M9,3,64219,0,0.0
P_emaildomain,1,49534,0,0.0
P_emaildomain,2,40070,0,0.0
P_emaildomain,3,85978,0,0.0
ProductCD,1,57310,0,0.0
ProductCD,2,47778,0,0.0
ProductCD,3,104637,0,0.0
R_emaildomain,1,11853,0,0.0
R_emaildomain,2,8545,0,0.0
R_emaildomain,3,21383,0,0.0
card4,1,57307,0,0.0
card4,2,47776,0,0.0
card4,3,103893,0,0.0
card6,1,57306,0,0.0
card6,2,47778,0,0.0
card6,3,103894,0,0.0
