block_id,null_mask_sha256,n_columns,columns
0,32e3f2a6fe4bb632893bcaff247ba376308a8762ddb2dc982a0bdd5bfe0739c3,46,"V217,V218,V219,V223,V224,V225,V226,V228,V229,V230,V231,V232,V233,V235,V236,V237,V240,V241,V242,V243,V244,V246,V247,V248,V249,V252,V253,V254,V257,V258,V260,V261,V262,V263,V264,V265,V266,V267,V268,V269,V273,V274,V275,V276,V277,V278"
1,c7b065117c92acbdc2250037df39d63317da51a1b5b84055791f11268542c710,43,"V100,V101,V102,V103,V104,V105,V106,V107,V108,V109,V110,V111,V112,V113,V114,V115,V116,V117,V118,V119,V120,V121,V122,V123,V124,V125,V126,V127,V128,V129,V130,V131,V132,V133,V134,V135,V136,V137,V95,V96,V97,V98,V99"
2,04c9f4f300cd2071a83083b2240f463768629f7202c907f9f60391c7c480936f,32,"V279,V280,V284,V285,V286,V287,V290,V291,V292,V293,V294,V295,V297,V298,V299,V302,V303,V304,V305,V306,V307,V308,V309,V310,V311,V312,V316,V317,V318,V319,V320,V321"
3,6c2641ef4bbb1d59a41662c80962caee7ef4ce28a05318498b8d327c2afa3700,31,"V167,V168,V172,V173,V176,V177,V178,V179,V181,V182,V183,V186,V187,V190,V191,V192,V193,V196,V199,V202,V203,V204,V205,V206,V207,V211,V212,V213,V214,V215,V216"
4,440bdfbdcba0cd0f51a884f0ad82a65838ddefb88e7eecdd9263418e05790075,23,"V12,V13,V14,V15,V16,V17,V18,V19,V20,V21,V22,V23,V24,V25,V26,V27,V28,V29,V30,V31,V32,V33,V34"
5,078a3f5138186c09cb940b5bf2f8c3b159c2b3e23ecb70742a85aaa47addae28,22,"V53,V54,V55,V56,V57,V58,V59,V60,V61,V62,V63,V64,V65,V66,V67,V68,V69,V70,V71,V72,V73,V74"
6,d97ec765e54260d186623a1e96e06bcb06c964cee0d291116db88b7682524899,20,"V75,V76,V77,V78,V79,V80,V81,V82,V83,V84,V85,V86,V87,V88,V89,V90,V91,V92,V93,V94"
7,11afb4a8b88328ccd83276e61c34d1e242281ec2503189acf97991f8c203cb71,19,"V169,V170,V171,V174,V175,V180,V184,V185,V188,V189,V194,V195,V197,V198,V200,V201,V208,V209,V210"
8,9f96f21c56a8567d0266741370123038d6047037b07c7c72b3c08fccbea1a9d6,18,"V138,V139,V140,V141,V142,V146,V147,V148,V149,V153,V154,V155,V156,V157,V158,V161,V162,V163"
9,2229c09c94dc0712b78fc5da89020ec71a488a071dbc8916ed38a784dab17551,18,"V322,V323,V324,V325,V326,V327,V328,V329,V330,V331,V332,V333,V334,V335,V336,V337,V338,V339"
10,cea2117a3f5e2b5123e70d833135402196b0097353263404e5c5bd00a86ec3d3,18,"V35,V36,V37,V38,V39,V40,V41,V42,V43,V44,V45,V46,V47,V48,V49,V50,V51,V52"
11,d9398a68cd4a205567c927963cb853a328d5ec597285812e89775645ff9f12cd,16,"V220,V221,V222,V227,V234,V238,V239,V245,V250,V251,V255,V256,V259,V270,V271,V272"
12,67e7a337349033a1396a53071fb4a1add8d30741f6b96cb1778f5e473d2cff2b,11,"V1,V10,V11,V2,V3,V4,V5,V6,V7,V8,V9"
13,b55a4ee7f4e7196754e748fc72ae11f6ea564f8d8dd6c2208abbb790e35d34d8,11,"V143,V144,V145,V150,V151,V152,V159,V160,V164,V165,V166"
14,86294a8c7685a4549aef4c518f7803dd1bcf6082f16371f074b3215d766321e6,11,"V281,V282,V283,V288,V289,V296,V300,V301,V313,V314,V315"
