n_features,logistic_regression.pr_auc,logistic_regression.roc_auc,xgboost.pr_auc,xgboost.roc_auc
5,0.32414003975702504,0.8032854314430976,0.4178908251594056,0.817403950384454
10,0.3125741814058028,0.8035643350268961,0.4639185190270574,0.8677932086190576
20,0.34953156170664607,0.8217845389564712,0.5226729593501624,0.9067708753195673
30,0.35677704412047495,0.8327495216323003,0.5209565043765829,0.9009033270938915
50,0.3884045063361215,0.8448695188280134,0.5471977841503384,0.9123333350763294
75,0.40358767277796087,0.8481903766667824,0.5425722454662264,0.9141481292979683
100,0.42110767004760213,0.851905252087831,0.5539014565748005,0.9143233572951722
150,0.44305888305865143,0.8587466993827034,0.5715281469727598,0.9164968649552284
200,0.4424585938417419,0.859774407404325,0.5626743419687404,0.9124857044059698
300,0.45945414631760045,0.8641812232259459,0.5649259316953228,0.9148063197261985
500,0.45788664267326484,0.8601267516445048,0.566488611481692,0.9153319431971129
832,0.4550297006114497,0.8585124043948484,0.562629167001755,0.9167848054896243
