feature,total_gain,gain,weight,rank
V258,613712.375,9741.4658203125,63.0,1
C14,304115.46875,935.7399291992188,325.0,2
V294,261835.328125,3491.1376953125,75.0,3
C13,206910.890625,296.4339294433594,698.0,4
C1,204330.953125,397.5310363769531,514.0,5
TransactionAmt,191108.0625,173.41929626464844,1102.0,6
V70,179774.703125,4180.80712890625,43.0,7
card1,172712.890625,149.01889038085938,1159.0,8
C8,166682.765625,2315.038330078125,72.0,9
D2,142305.25,353.9931640625,402.0,10
card2,137456.890625,152.0540771484375,904.0,11
card6_freq,110424.484375,661.2244873046875,167.0,12
addr1,109290.5234375,120.76300811767578,905.0,13
V308,89651.3046875,1134.82666015625,79.0,14
C11,87055.9375,362.7330627441406,240.0,15
D15,80268.703125,159.57992553710938,503.0,16
C5,77451.0703125,393.15264892578125,197.0,17
V187,76936.984375,1636.9571533203125,47.0,18
P_emaildomain_freq,74382.875,169.05198669433594,440.0,19
M4_freq,73979.03125,483.5230712890625,153.0,20
V91,70186.171875,1632.236572265625,43.0,21
V218,69424.4921875,6311.3173828125,11.0,22
card5,69290.921875,148.3745574951172,467.0,23
D1,67703.7265625,152.830078125,443.0,24
D10,65184.40625,148.14637756347656,440.0,25
C2,59042.3046875,198.79563903808594,297.0,26
R_emaildomain_freq,57778.46484375,226.58221435546875,255.0,27
D4,57240.21875,153.87155151367188,372.0,28
C6,54886.90625,227.7465057373047,241.0,29
D3,53437.484375,281.2499084472656,190.0,30
dist1,53144.015625,146.80667114257812,362.0,31
card3,50262.9609375,199.45619201660156,252.0,32
V201,45245.3046875,1967.1871337890625,23.0,33
V283,44841.93359375,503.8419494628906,89.0,34
V30,38997.2578125,1218.664306640625,32.0,35
id_30_freq,38681.9921875,264.9451599121094,146.0,36
D8,38151.37890625,126.32907104492188,302.0,37
id_01,36199.39453125,251.3846893310547,144.0,38
ProductCD_freq,35374.0234375,289.9510192871094,122.0,39
C4,35267.69140625,653.1054077148438,54.0,40
id_20,34418.89453125,95.87435913085938,359.0,41
id_02,31349.384765625,87.81340026855469,357.0,42
M6_freq,31243.36328125,223.16688537597656,140.0,43
C9,31167.990234375,184.4259796142578,169.0,44
D11,29221.279296875,135.91293334960938,215.0,45
V312,29003.916015625,483.3985900878906,60.0,46
C10,28841.244140625,294.29840087890625,98.0,47
M5_freq,27339.70703125,210.30543518066406,130.0,48
id_17,26676.0625,306.62139892578125,87.0,49
V310,25912.0859375,168.2602996826172,154.0,50
V315,23377.9609375,320.24603271484375,73.0,51
V285,22923.359375,177.70045471191406,129.0,52
id_31_freq,21856.02734375,96.70808410644531,226.0,53
id_33_freq,21153.521484375,117.51956176757812,180.0,54
DeviceInfo_freq,21088.390625,113.99130249023438,185.0,55
D5,20322.9453125,126.22947692871094,161.0,56
V45,19058.4140625,264.7001953125,72.0,57
V62,18463.115234375,233.71031188964844,79.0,58
card4_freq,17764.07421875,118.42716217041016,150.0,59
V83,17742.41015625,201.61830139160156,88.0,60
V281,16475.6484375,219.67530822753906,75.0,61
id_06,16263.1025390625,101.0130615234375,161.0,62
id_19,16067.34375,69.55560302734375,231.0,63
V317,15663.458984375,198.27163696289062,79.0,64
card2_was_missing,15436.9794921875,266.1548156738281,58.0,65
V307,15398.1005859375,139.98272705078125,110.0,66
V87,14498.330078125,190.7675018310547,76.0,67
V313,14007.5185546875,105.31968688964844,133.0,68
V54,13951.2626953125,268.29351806640625,52.0,69
V82,13629.4921875,191.9646759033203,71.0,70
id_05,13478.513671875,67.39257049560547,200.0,71
V314,13125.28515625,152.61959838867188,86.0,72
V311,12813.30859375,183.04727172851562,70.0,73
id_13,12382.6337890625,88.4473876953125,140.0,74
V165,11172.1923828125,174.5655059814453,64.0,75
M3_freq,11088.4541015625,205.34173583984375,54.0,76
D9,11016.318359375,60.19845962524414,183.0,77
V152,10606.5947265625,235.7021026611328,45.0,78
V320,10409.966796875,182.63099670410156,57.0,79
V309,10114.3720703125,288.9820556640625,35.0,80
dist2,9927.408203125,67.07707977294922,148.0,81
V99,9860.521484375,201.23513793945312,49.0,82
id_14,9668.1220703125,86.32251739501953,112.0,83
D13,9665.4765625,125.52567291259766,77.0,84
C12,9637.39453125,125.16096496582031,77.0,85
V38,9519.4169921875,161.34605407714844,59.0,86
D6,9388.791015625,132.2364959716797,71.0,87
V12,9028.0419921875,177.0204315185547,51.0,88
V67,8968.048828125,208.5592803955078,43.0,89
V295,8900.5439453125,404.5701904296875,22.0,90
V55,8890.400390625,153.2827606201172,58.0,91
V61,8861.4296875,164.10055541992188,54.0,92
V48,8800.1220703125,209.52671813964844,42.0,93
C3,8293.486328125,169.25482177734375,49.0,94
V75,8230.896484375,144.4016876220703,57.0,95
V19,8060.23291015625,138.9695281982422,58.0,96
V282,8057.06982421875,171.42701721191406,47.0,97
id_09,7828.45849609375,150.54727172851562,52.0,98
V13,7636.8603515625,155.8542938232422,49.0,99
V53,7614.345703125,152.2869110107422,50.0,100
V76,7567.30615234375,140.1352996826172,54.0,101
DeviceType_freq,7523.505859375,208.98626708984375,36.0,102
V296,7470.107421875,240.97120666503906,31.0,103
V53_was_missing,7163.41943359375,231.0780487060547,31.0,104
V130,7158.70458984375,102.2672119140625,70.0,105
V102,7138.4296875,285.5372009277344,25.0,106
V49,6633.3193359375,221.1106414794922,30.0,107
addr1_was_missing,6458.2890625,230.65318298339844,28.0,108
V164,6363.37939453125,129.86488342285156,49.0,109
V56,6161.185546875,146.6949005126953,42.0,110
V156,6156.52734375,212.29405212402344,29.0,111
V36,5744.93603515625,122.23268127441406,47.0,112
V127,5573.32080078125,94.46306610107422,59.0,113
V129,5561.9775390625,168.54476928710938,33.0,114
D14_was_missing,5537.06689453125,125.8424301147461,44.0,115
id_32,5481.1552734375,238.31109619140625,23.0,116
V159,5454.4560546875,181.81520080566406,30.0,117
V322_was_missing,5430.67578125,5430.67578125,1.0,118
V124,5418.01416015625,120.40031433105469,45.0,119
V133,5383.5810546875,224.3158721923828,24.0,120
id_18_was_missing,5370.6787109375,137.709716796875,39.0,121
id_03,5340.02197265625,140.5269012451172,38.0,122
V20,5322.12841796875,126.71734619140625,42.0,123
V143,5274.8173828125,82.41902160644531,64.0,124
V35,5149.7783203125,102.99556732177734,50.0,125
V261,5130.419921875,150.8946990966797,34.0,126
V86,5063.05224609375,110.06635284423828,46.0,127
D3_was_missing,5021.576171875,143.47360229492188,35.0,128
V136,4923.9091796875,129.57655334472656,38.0,129
V131,4861.5986328125,118.57557678222656,41.0,130
V145,4847.4560546875,142.57223510742188,34.0,131
V189,4571.93603515625,175.84368896484375,26.0,132
V77,4567.80712890625,89.5648422241211,51.0,133
V78,4503.66943359375,91.91162109375,49.0,134
V5,4056.651123046875,106.75397491455078,38.0,135
V128,4030.8740234375,251.92962646484375,16.0,136
M8_freq,4010.035888671875,114.57245635986328,35.0,137
V172,3979.160888671875,165.79837036132812,24.0,138
V316,3871.262939453125,86.02806854248047,45.0,139
id_38_freq,3864.010498046875,84.00022888183594,46.0,140
V29,3854.489501953125,113.36734008789062,34.0,141
V37,3821.728515625,131.7837371826172,29.0,142
V66,3799.3623046875,111.7459487915039,34.0,143
V306,3748.642333984375,98.64848327636719,38.0,144
V44,3717.1923828125,77.4415054321289,48.0,145
V24,3693.630859375,111.92820739746094,33.0,146
V279,3693.139892578125,127.34965515136719,29.0,147
V90,3579.441162109375,115.4658432006836,31.0,148
V324,3449.87109375,215.616943359375,16.0,149
V289,3402.1796875,126.00665283203125,27.0,150
D2_was_missing,3371.90087890625,116.27244567871094,29.0,151
id_34_freq,3332.51611328125,133.30064392089844,25.0,152
V262,3210.29052734375,321.029052734375,10.0,153
V96,3177.489013671875,93.45555877685547,34.0,154
V291,3162.947265625,77.14505767822266,41.0,155
V4,3129.860107421875,97.8081283569336,32.0,156
V163,3114.899658203125,183.22938537597656,17.0,157
V149,3002.451171875,136.4750518798828,22.0,158
D14,2934.19287109375,48.101524353027344,61.0,159
V139,2923.734130859375,88.59800720214844,33.0,160
V286,2906.5380859375,161.47433471679688,18.0,161
V333,2808.741455078125,165.2200927734375,17.0,162
V144,2779.547607421875,92.6515884399414,30.0,163
V23,2714.972412109375,93.61973571777344,29.0,164
V221,2660.9052734375,80.63349151611328,33.0,165
V173,2550.361083984375,170.02407836914062,15.0,166
M2_freq,2493.131103515625,166.208740234375,15.0,167
V103,2484.2802734375,354.8971862792969,7.0,168
M9_freq,2473.196044921875,107.53026580810547,23.0,169
V126,2463.635498046875,84.95294952392578,29.0,170
V160,2457.2421875,129.3285369873047,19.0,171
id_04,2426.64794921875,89.87584686279297,27.0,172
V34,2424.61181640625,220.41925048828125,11.0,173
D15_was_missing,2402.179443359375,109.18997192382812,22.0,174
C7,2366.5205078125,94.66082000732422,25.0,175
V11,2350.666015625,123.7192611694336,19.0,176
V7,2309.235595703125,144.3272247314453,16.0,177
V97,2284.05126953125,380.6752014160156,6.0,178
V323,2265.311767578125,125.85065460205078,18.0,179
M7_freq,2091.083251953125,87.12847137451172,24.0,180
V300,2087.48193359375,94.88554382324219,22.0,181
V266,2049.9599609375,62.119998931884766,33.0,182
V326,2013.7646484375,183.06951904296875,11.0,183
V177,1991.15478515625,284.45068359375,7.0,184
D7,1982.2808837890625,68.3545150756836,29.0,185
V207,1973.4744873046875,116.08673095703125,17.0,186
V47,1963.1165771484375,98.15583038330078,20.0,187
V332,1929.0098876953125,87.68226623535156,22.0,188
id_36_freq,1913.8492431640625,106.32495880126953,18.0,189
V175,1905.465087890625,238.18313598632812,8.0,190
V288,1825.6981201171875,86.93800354003906,21.0,191
V134,1797.0960693359375,105.71153259277344,17.0,192
D12,1790.9444580078125,77.86714935302734,23.0,193
V50,1771.07568359375,354.21514892578125,5.0,194
V205,1732.3492431640625,144.36244201660156,12.0,195
V293,1730.6875,96.14930725097656,18.0,196
V63,1707.0108642578125,155.18280029296875,11.0,197
card5_was_missing,1700.8529052734375,113.39019012451172,15.0,198
id_18,1697.052490234375,58.51905059814453,29.0,199
V69,1694.3642578125,70.5985107421875,24.0,200
V203,1692.392578125,62.68120574951172,27.0,201
V292,1667.4139404296875,79.40066528320312,21.0,202
id_21,1657.466552734375,78.9269790649414,21.0,203
V209,1622.9945068359375,95.47026824951172,17.0,204
V137,1617.3885498046875,107.8259048461914,15.0,205
id_11,1601.43505859375,64.05740356445312,25.0,206
dist2_was_missing,1594.3602294921875,66.43167877197266,24.0,207
D5_was_missing,1593.417724609375,99.58860778808594,16.0,208
V260,1537.10107421875,80.90005493164062,19.0,209
id_16_freq,1521.9898681640625,101.46598815917969,15.0,210
V231,1519.9588623046875,138.17808532714844,11.0,211
V2,1511.240478515625,88.89649963378906,17.0,212
V234,1503.572021484375,46.98662567138672,32.0,213
V43,1497.5992431640625,78.82101440429688,19.0,214
V6,1496.96923828125,88.05701446533203,17.0,215
id_15_freq,1492.9603271484375,106.64002227783203,14.0,216
V33,1477.565185546875,105.54036712646484,14.0,217
V301,1465.336181640625,104.6668701171875,14.0,218
V280,1459.5587158203125,63.459075927734375,23.0,219
V223,1442.7095947265625,103.0506820678711,14.0,220
V267,1439.4725341796875,44.983516693115234,32.0,221
V161,1422.617431640625,83.68338012695312,17.0,222
V225,1400.3818359375,100.02727508544922,14.0,223
V298,1361.9620361328125,194.56600952148438,7.0,224
V95,1350.261474609375,112.52178955078125,12.0,225
V151,1324.150634765625,69.692138671875,19.0,226
V25,1321.3349609375,69.5439453125,19.0,227
V245,1312.54345703125,77.20843505859375,17.0,228
V224,1302.1207275390625,72.34004211425781,18.0,229
V59,1300.478515625,185.7826385498047,7.0,230
V277,1297.4512939453125,72.08062744140625,18.0,231
V180,1279.7725830078125,75.2807388305664,17.0,232
V166,1273.17138671875,74.8924331665039,17.0,233
V3,1262.69580078125,66.45767211914062,19.0,234
V222,1260.7960205078125,140.08843994140625,9.0,235
V319,1245.0906982421875,103.75756072998047,12.0,236
V336,1235.757080078125,102.9797592163086,12.0,237
V140,1226.82861328125,61.3414306640625,20.0,238
id_37_freq,1224.7933349609375,94.21487426757812,13.0,239
V318,1199.9764404296875,54.54438400268555,22.0,240
D13_was_missing,1199.6605224609375,85.6900405883789,14.0,241
V10,1195.6546630859375,74.7284164428711,16.0,242
V220,1194.4036865234375,91.87720489501953,13.0,243
V303,1179.9788818359375,84.2842025756836,14.0,244
V52,1164.7467041015625,77.6497802734375,15.0,245
V339,1156.6859130859375,105.15326690673828,11.0,246
V243,1135.35400390625,51.606998443603516,22.0,247
V64,1134.32470703125,189.0541229248047,6.0,248
V74,1111.3001708984375,111.13002014160156,10.0,249
D4_was_missing,1101.4056396484375,91.78380584716797,12.0,250
V169,1094.0770263671875,84.15977478027344,13.0,251
V264,1082.8277587890625,43.3131103515625,25.0,252
V206,1079.1939697265625,89.93283081054688,12.0,253
V270,1069.34814453125,56.2814826965332,19.0,254
V290,1068.1414794921875,118.68238830566406,9.0,255
D10_was_missing,1066.8399658203125,106.68399810791016,10.0,256
V42,1054.521484375,81.11703491210938,13.0,257
V199,1051.7896728515625,75.1278305053711,14.0,258
V321,1038.892333984375,79.914794921875,13.0,259
V271,1036.0616455078125,86.33847045898438,12.0,260
V226,1019.6934814453125,127.46168518066406,8.0,261
id_14_was_missing,1018.3768310546875,203.6753692626953,5.0,262
V73,972.9359130859375,88.44872283935547,11.0,263
V132,951.5758056640625,43.25344467163086,22.0,264
V214,918.7297973632812,91.87297821044922,10.0,265
V192,916.3908081054688,70.4916000366211,13.0,266
id_13_was_missing,908.0673828125,56.75421142578125,16.0,267
V246,905.7821655273438,113.22277069091797,8.0,268
V176,901.5733642578125,75.13111114501953,12.0,269
V259,891.10595703125,74.25882720947266,12.0,270
V109,879.8218994140625,67.67860412597656,13.0,271
V108,873.8609008789062,67.2200698852539,13.0,272
V275,873.32421875,87.3324203491211,10.0,273
V39,850.904541015625,212.72613525390625,4.0,274
V268,838.7886962890625,93.19874572753906,9.0,275
V322,836.3594970703125,64.33534240722656,13.0,276
V217,821.7998046875,63.215370178222656,13.0,277
dist1_was_missing,818.4530029296875,81.84529876708984,10.0,278
V265,818.3681640625,74.39710235595703,11.0,279
V210,814.9274291992188,47.93690872192383,17.0,280
V273,807.4029541015625,89.71144104003906,9.0,281
id_08,807.33056640625,67.27754974365234,12.0,282
V331,798.9886474609375,66.58238983154297,12.0,283
V287,781.982177734375,65.1651840209961,12.0,284
V46,773.9532470703125,59.53486633300781,13.0,285
id_07,770.5750732421875,45.327945709228516,17.0,286
V40,768.9112548828125,85.43458557128906,9.0,287
V81,763.3400268554688,58.71846389770508,13.0,288
V150,753.2964477539062,50.219764709472656,15.0,289
V200,749.7095947265625,57.66996765136719,13.0,290
id_25,745.9877319335938,74.59877014160156,10.0,291
V171,719.441162109375,89.93014526367188,8.0,292
V94,719.350830078125,143.8701629638672,5.0,293
V105,718.46826171875,55.266788482666016,13.0,294
V80,716.3687133789062,89.54608917236328,8.0,295
V263,714.1930541992188,54.93792724609375,13.0,296
V75_was_missing,712.756591796875,178.18914794921875,4.0,297
V219,693.4224243164062,69.34223937988281,10.0,298
V115,667.7122802734375,74.19025421142578,9.0,299
V178,657.59033203125,46.97073745727539,14.0,300
V125,655.2222900390625,109.2037124633789,6.0,301
V211,640.3699340820312,80.0462417602539,8.0,302
V208,636.103759765625,39.75648498535156,16.0,303
V26,634.561279296875,52.88010787963867,12.0,304
V272,610.2283935546875,76.27854919433594,8.0,305
V79,599.795166015625,119.95903015136719,5.0,306
V256,585.4982299804688,53.22711181640625,11.0,307
V274,585.0975952148438,34.41750717163086,17.0,308
V60,582.0308227539062,145.50770568847656,4.0,309
V276,577.8621826171875,64.2069091796875,9.0,310
D6_was_missing,570.6865844726562,95.11443328857422,6.0,311
V239,563.0772705078125,80.43961334228516,7.0,312
id_26,555.6915893554688,50.517417907714844,11.0,313
V135,535.308349609375,53.53083419799805,10.0,314
V329,529.1875,88.19791412353516,6.0,315
V335,527.3062744140625,131.82656860351562,4.0,316
V253,514.5849609375,39.583457946777344,13.0,317
V229,507.37677001953125,33.82511901855469,15.0,318
addr2,505.36920166015625,33.691280364990234,15.0,319
V191,498.9035949707031,71.27194213867188,7.0,320
V15,491.6041564941406,81.93402862548828,6.0,321
V202,489.5750427246094,40.79792022705078,12.0,322
V247,487.2022705078125,97.4404525756836,5.0,323
V170,486.36474609375,40.5303955078125,12.0,324
V167,463.28814697265625,66.18402099609375,7.0,325
D1_was_missing,460.50628662109375,65.78661346435547,7.0,326
V248,453.0809020996094,41.18917465209961,11.0,327
V168,452.95343017578125,34.84257125854492,13.0,328
V72,451.14288330078125,75.19048309326172,6.0,329
D8_was_missing,444.2342224121094,49.35935974121094,9.0,330
V204,443.6192321777344,55.4524040222168,8.0,331
V215,439.0810241699219,54.885128021240234,8.0,332
V338,437.3771667480469,72.89619445800781,6.0,333
V190,433.8869934082031,61.983856201171875,7.0,334
V185,431.6306457519531,86.32612609863281,5.0,335
V148,430.29632568359375,21.514816284179688,20.0,336
id_12_freq,422.93658447265625,84.58731842041016,5.0,337
V8,419.23760986328125,59.89108657836914,7.0,338
D7_was_missing,418.4739685058594,59.7819938659668,7.0,339
V299,412.2227783203125,58.88896942138672,7.0,340
V257,411.03082275390625,45.67008972167969,9.0,341
id_03_was_missing,405.30230712890625,50.66278839111328,8.0,342
V251,392.2573547363281,98.06433868408203,4.0,343
V84,389.9898986816406,48.74873733520508,8.0,344
id_10,389.89971923828125,43.32218933105469,9.0,345
V92,382.47149658203125,47.808937072753906,8.0,346
V227,379.03179931640625,29.156291961669922,13.0,347
V142,378.39971923828125,63.066619873046875,6.0,348
V54_was_missing,373.46881103515625,373.46881103515625,1.0,349
id_24_was_missing,370.01092529296875,74.00218200683594,5.0,350
card3_was_missing,369.562255859375,73.9124526977539,5.0,351
V138,368.8796081542969,52.697086334228516,7.0,352
V220_was_missing,366.8406677246094,366.8406677246094,1.0,353
V244,365.96112060546875,28.150856018066406,13.0,354
V325,360.9605407714844,90.2401351928711,4.0,355
V218_was_missing,358.2789306640625,179.13946533203125,2.0,356
V184,358.067138671875,59.6778564453125,6.0,357
V85,356.5574951171875,44.56968688964844,8.0,358
V250,352.8037109375,70.56074523925781,5.0,359
V100,343.59722900390625,34.35972213745117,10.0,360
V51,333.1183166503906,55.519718170166016,6.0,361
V186,327.5229187011719,36.39143371582031,9.0,362
M1_freq,326.814453125,81.70361328125,4.0,363
V188,326.52392578125,18.14021873474121,18.0,364
V269,321.6296691894531,80.40741729736328,4.0,365
V13_was_missing,317.7255554199219,317.7255554199219,1.0,366
V182,309.6224365234375,61.92448806762695,5.0,367
V21,301.8255310058594,60.36510467529297,5.0,368
id_23_freq,288.5245361328125,72.13113403320312,4.0,369
D11_was_missing,275.6187744140625,55.123756408691406,5.0,370
V101,274.7728271484375,34.34660339355469,8.0,371
V238,272.783203125,34.097900390625,8.0,372
V141,270.8221130371094,54.16442108154297,5.0,373
V198,269.6702575683594,53.934051513671875,5.0,374
V122,266.3168029785156,133.1584014892578,2.0,375
V212,264.6370849609375,24.05791664123535,11.0,376
V162,263.0467224121094,65.76168060302734,4.0,377
V242,260.40655517578125,37.20093536376953,7.0,378
V278,255.02493286132812,85.00830841064453,3.0,379
V193,253.08969116210938,63.272422790527344,4.0,380
V31,250.85403442382812,50.170806884765625,5.0,381
V147,246.42446899414062,30.803058624267578,8.0,382
V98,237.56631469726562,47.51326370239258,5.0,383
addr2_was_missing,237.1411895751953,79.04706573486328,3.0,384
V112,236.34176635742188,59.08544158935547,4.0,385
V217_was_missing,235.71080017089844,39.285133361816406,6.0,386
id_06_was_missing,234.0576171875,58.514404296875,4.0,387
V183,228.89935302734375,114.44967651367188,2.0,388
V233,208.15457153320312,34.69242858886719,6.0,389
V236,203.35855102539062,40.67171096801758,5.0,390
V9,202.90451049804688,40.580902099609375,5.0,391
V12_was_missing,202.8151397705078,202.8151397705078,1.0,392
V179,199.8629608154297,33.31049346923828,6.0,393
V36_was_missing,196.5526123046875,196.5526123046875,1.0,394
D12_was_missing,194.52005004882812,97.26002502441406,2.0,395
V123,190.62542724609375,27.23220443725586,7.0,396
V228,188.1680145263672,26.881145477294922,7.0,397
V254,186.9768524169922,62.325618743896484,3.0,398
V57,184.51638793945312,36.90327835083008,5.0,399
V174,180.66880798339844,30.111467361450195,6.0,400
V17,177.02435302734375,35.404869079589844,5.0,401
V35_was_missing,172.79449462890625,86.39724731445312,2.0,402
V153,171.73643493652344,85.86821746826172,2.0,403
V297,163.45745849609375,40.86436462402344,4.0,404
V58,159.30325317382812,26.5505428314209,6.0,405
V327,158.3984375,79.19921875,2.0,406
V22,157.074951171875,78.5374755859375,2.0,407
V116,154.90158081054688,51.63386154174805,3.0,408
V235,151.43919372558594,30.287837982177734,5.0,409
V221_was_missing,150.90365600585938,150.90365600585938,1.0,410
has_identity,146.98008728027344,20.997156143188477,7.0,411
V104,145.4931182861328,24.24885368347168,6.0,412
V71,142.23068237304688,71.11534118652344,2.0,413
V111,141.96275329589844,35.49068832397461,4.0,414
V216,138.13800048828125,46.04600143432617,3.0,415
V106,137.05740356445312,68.52870178222656,2.0,416
V16,127.2694091796875,42.42313766479492,3.0,417
V197,125.74713134765625,125.74713134765625,1.0,418
V330,121.8778305053711,121.8778305053711,1.0,419
V114,117.54363250732422,29.385908126831055,4.0,420
V169_was_missing,117.5328598022461,117.5328598022461,1.0,421
V155,112.01285552978516,28.00321388244629,4.0,422
V168_was_missing,111.60858154296875,111.60858154296875,1.0,423
V158,107.12397003173828,53.56198501586914,2.0,424
V18,106.12164306640625,53.060821533203125,2.0,425
V37_was_missing,104.72384643554688,104.72384643554688,1.0,426
V232,103.79959106445312,34.5998649597168,3.0,427
V281_was_missing,102.09625244140625,51.048126220703125,2.0,428
V121,101.32850646972656,101.32850646972656,1.0,429
V120,100.87860107421875,50.439300537109375,2.0,430
V304,98.69792175292969,24.674480438232422,4.0,431
id_24,97.42406463623047,32.47468948364258,3.0,432
V1_was_missing,95.43030548095703,95.43030548095703,1.0,433
V194,95.07178497314453,23.767946243286133,4.0,434
id_19_was_missing,92.88896942138672,92.88896942138672,1.0,435
V284,86.83723449707031,86.83723449707031,1.0,436
V252,86.5084228515625,21.627105712890625,4.0,437
V146,84.56645965576172,16.913291931152344,5.0,438
id_21_was_missing,75.69947814941406,75.69947814941406,1.0,439
V110,73.47824096679688,36.73912048339844,2.0,440
V302,66.73657989501953,16.684144973754883,4.0,441
V195,61.679378509521484,61.679378509521484,1.0,442
V255,60.28200149536133,30.141000747680664,2.0,443
V157,53.212181091308594,26.606090545654297,2.0,444
V118,47.69078826904297,47.69078826904297,1.0,445
id_05_was_missing,44.401611328125,44.401611328125,1.0,446
V249,42.9140625,42.9140625,1.0,447
V2_was_missing,37.348052978515625,37.348052978515625,1.0,448
V230,36.07677459716797,12.025591850280762,3.0,449
D9_was_missing,29.283645629882812,14.641822814941406,2.0,450
V334,18.97655487060547,9.488277435302734,2.0,451
id_08_was_missing,18.323951721191406,18.323951721191406,1.0,452
V181,17.484437942504883,8.742218971252441,2.0,453
V167_was_missing,11.254440307617188,11.254440307617188,1.0,454
V337,11.0458984375,3.6819660663604736,3.0,455
id_22,6.4693756103515625,6.4693756103515625,1.0,456
V213,4.8077545166015625,4.8077545166015625,1.0,457
V93,2.916107177734375,2.916107177734375,1.0,458
id_07_was_missing,1.9801025390625,1.9801025390625,1.0,459
C10_was_missing,0.0,0.0,0.0,460
C11_was_missing,0.0,0.0,0.0,461
C12_was_missing,0.0,0.0,0.0,462
C13_was_missing,0.0,0.0,0.0,463
C14_was_missing,0.0,0.0,0.0,464
C1_was_missing,0.0,0.0,0.0,465
C2_was_missing,0.0,0.0,0.0,466
C3_was_missing,0.0,0.0,0.0,467
C4_was_missing,0.0,0.0,0.0,468
C5_was_missing,0.0,0.0,0.0,469
C6_was_missing,0.0,0.0,0.0,470
C7_was_missing,0.0,0.0,0.0,471
C8_was_missing,0.0,0.0,0.0,472
C9_was_missing,0.0,0.0,0.0,473
TransactionAmt_was_missing,0.0,0.0,0.0,474
V1,0.0,0.0,0.0,475
V100_was_missing,0.0,0.0,0.0,476
V101_was_missing,0.0,0.0,0.0,477
V102_was_missing,0.0,0.0,0.0,478
V103_was_missing,0.0,0.0,0.0,479
V104_was_missing,0.0,0.0,0.0,480
V105_was_missing,0.0,0.0,0.0,481
V106_was_missing,0.0,0.0,0.0,482
V107,0.0,0.0,0.0,483
V107_was_missing,0.0,0.0,0.0,484
V108_was_missing,0.0,0.0,0.0,485
V109_was_missing,0.0,0.0,0.0,486
V10_was_missing,0.0,0.0,0.0,487
V110_was_missing,0.0,0.0,0.0,488
V111_was_missing,0.0,0.0,0.0,489
V112_was_missing,0.0,0.0,0.0,490
V113,0.0,0.0,0.0,491
V113_was_missing,0.0,0.0,0.0,492
V114_was_missing,0.0,0.0,0.0,493
V115_was_missing,0.0,0.0,0.0,494
V116_was_missing,0.0,0.0,0.0,495
V117,0.0,0.0,0.0,496
V117_was_missing,0.0,0.0,0.0,497
V118_was_missing,0.0,0.0,0.0,498
V119,0.0,0.0,0.0,499
V119_was_missing,0.0,0.0,0.0,500
V11_was_missing,0.0,0.0,0.0,501
V120_was_missing,0.0,0.0,0.0,502
V121_was_missing,0.0,0.0,0.0,503
V122_was_missing,0.0,0.0,0.0,504
V123_was_missing,0.0,0.0,0.0,505
V124_was_missing,0.0,0.0,0.0,506
V125_was_missing,0.0,0.0,0.0,507
V126_was_missing,0.0,0.0,0.0,508
V127_was_missing,0.0,0.0,0.0,509
V128_was_missing,0.0,0.0,0.0,510
V129_was_missing,0.0,0.0,0.0,511
V130_was_missing,0.0,0.0,0.0,512
V131_was_missing,0.0,0.0,0.0,513
V132_was_missing,0.0,0.0,0.0,514
V133_was_missing,0.0,0.0,0.0,515
V134_was_missing,0.0,0.0,0.0,516
V135_was_missing,0.0,0.0,0.0,517
V136_was_missing,0.0,0.0,0.0,518
V137_was_missing,0.0,0.0,0.0,519
V138_was_missing,0.0,0.0,0.0,520
V139_was_missing,0.0,0.0,0.0,521
V14,0.0,0.0,0.0,522
V140_was_missing,0.0,0.0,0.0,523
V141_was_missing,0.0,0.0,0.0,524
V142_was_missing,0.0,0.0,0.0,525
V143_was_missing,0.0,0.0,0.0,526
V144_was_missing,0.0,0.0,0.0,527
V145_was_missing,0.0,0.0,0.0,528
V146_was_missing,0.0,0.0,0.0,529
V147_was_missing,0.0,0.0,0.0,530
V148_was_missing,0.0,0.0,0.0,531
V149_was_missing,0.0,0.0,0.0,532
V14_was_missing,0.0,0.0,0.0,533
V150_was_missing,0.0,0.0,0.0,534
V151_was_missing,0.0,0.0,0.0,535
V152_was_missing,0.0,0.0,0.0,536
V153_was_missing,0.0,0.0,0.0,537
V154,0.0,0.0,0.0,538
V154_was_missing,0.0,0.0,0.0,539
V155_was_missing,0.0,0.0,0.0,540
V156_was_missing,0.0,0.0,0.0,541
V157_was_missing,0.0,0.0,0.0,542
V158_was_missing,0.0,0.0,0.0,543
V159_was_missing,0.0,0.0,0.0,544
V15_was_missing,0.0,0.0,0.0,545
V160_was_missing,0.0,0.0,0.0,546
V161_was_missing,0.0,0.0,0.0,547
V162_was_missing,0.0,0.0,0.0,548
V163_was_missing,0.0,0.0,0.0,549
V164_was_missing,0.0,0.0,0.0,550
V165_was_missing,0.0,0.0,0.0,551
V166_was_missing,0.0,0.0,0.0,552
V16_was_missing,0.0,0.0,0.0,553
V170_was_missing,0.0,0.0,0.0,554
V171_was_missing,0.0,0.0,0.0,555
V172_was_missing,0.0,0.0,0.0,556
V173_was_missing,0.0,0.0,0.0,557
V174_was_missing,0.0,0.0,0.0,558
V175_was_missing,0.0,0.0,0.0,559
V176_was_missing,0.0,0.0,0.0,560
V177_was_missing,0.0,0.0,0.0,561
V178_was_missing,0.0,0.0,0.0,562
V179_was_missing,0.0,0.0,0.0,563
V17_was_missing,0.0,0.0,0.0,564
V180_was_missing,0.0,0.0,0.0,565
V181_was_missing,0.0,0.0,0.0,566
V182_was_missing,0.0,0.0,0.0,567
V183_was_missing,0.0,0.0,0.0,568
V184_was_missing,0.0,0.0,0.0,569
V185_was_missing,0.0,0.0,0.0,570
V186_was_missing,0.0,0.0,0.0,571
V187_was_missing,0.0,0.0,0.0,572
V188_was_missing,0.0,0.0,0.0,573
V189_was_missing,0.0,0.0,0.0,574
V18_was_missing,0.0,0.0,0.0,575
V190_was_missing,0.0,0.0,0.0,576
V191_was_missing,0.0,0.0,0.0,577
V192_was_missing,0.0,0.0,0.0,578
V193_was_missing,0.0,0.0,0.0,579
V194_was_missing,0.0,0.0,0.0,580
V195_was_missing,0.0,0.0,0.0,581
V196,0.0,0.0,0.0,582
V196_was_missing,0.0,0.0,0.0,583
V197_was_missing,0.0,0.0,0.0,584
V198_was_missing,0.0,0.0,0.0,585
V199_was_missing,0.0,0.0,0.0,586
V19_was_missing,0.0,0.0,0.0,587
V200_was_missing,0.0,0.0,0.0,588
V201_was_missing,0.0,0.0,0.0,589
V202_was_missing,0.0,0.0,0.0,590
V203_was_missing,0.0,0.0,0.0,591
V204_was_missing,0.0,0.0,0.0,592
V205_was_missing,0.0,0.0,0.0,593
V206_was_missing,0.0,0.0,0.0,594
V207_was_missing,0.0,0.0,0.0,595
V208_was_missing,0.0,0.0,0.0,596
V209_was_missing,0.0,0.0,0.0,597
V20_was_missing,0.0,0.0,0.0,598
V210_was_missing,0.0,0.0,0.0,599
V211_was_missing,0.0,0.0,0.0,600
V212_was_missing,0.0,0.0,0.0,601
V213_was_missing,0.0,0.0,0.0,602
V214_was_missing,0.0,0.0,0.0,603
V215_was_missing,0.0,0.0,0.0,604
V216_was_missing,0.0,0.0,0.0,605
V219_was_missing,0.0,0.0,0.0,606
V21_was_missing,0.0,0.0,0.0,607
V222_was_missing,0.0,0.0,0.0,608
V223_was_missing,0.0,0.0,0.0,609
V224_was_missing,0.0,0.0,0.0,610
V225_was_missing,0.0,0.0,0.0,611
V226_was_missing,0.0,0.0,0.0,612
V227_was_missing,0.0,0.0,0.0,613
V228_was_missing,0.0,0.0,0.0,614
V229_was_missing,0.0,0.0,0.0,615
V22_was_missing,0.0,0.0,0.0,616
V230_was_missing,0.0,0.0,0.0,617
V231_was_missing,0.0,0.0,0.0,618
V232_was_missing,0.0,0.0,0.0,619
V233_was_missing,0.0,0.0,0.0,620
V234_was_missing,0.0,0.0,0.0,621
V235_was_missing,0.0,0.0,0.0,622
V236_was_missing,0.0,0.0,0.0,623
V237,0.0,0.0,0.0,624
V237_was_missing,0.0,0.0,0.0,625
V238_was_missing,0.0,0.0,0.0,626
V239_was_missing,0.0,0.0,0.0,627
V23_was_missing,0.0,0.0,0.0,628
V240,0.0,0.0,0.0,629
V240_was_missing,0.0,0.0,0.0,630
V241,0.0,0.0,0.0,631
V241_was_missing,0.0,0.0,0.0,632
V242_was_missing,0.0,0.0,0.0,633
V243_was_missing,0.0,0.0,0.0,634
V244_was_missing,0.0,0.0,0.0,635
V245_was_missing,0.0,0.0,0.0,636
V246_was_missing,0.0,0.0,0.0,637
V247_was_missing,0.0,0.0,0.0,638
V248_was_missing,0.0,0.0,0.0,639
V249_was_missing,0.0,0.0,0.0,640
V24_was_missing,0.0,0.0,0.0,641
V250_was_missing,0.0,0.0,0.0,642
V251_was_missing,0.0,0.0,0.0,643
V252_was_missing,0.0,0.0,0.0,644
V253_was_missing,0.0,0.0,0.0,645
V254_was_missing,0.0,0.0,0.0,646
V255_was_missing,0.0,0.0,0.0,647
V256_was_missing,0.0,0.0,0.0,648
V257_was_missing,0.0,0.0,0.0,649
V258_was_missing,0.0,0.0,0.0,650
V259_was_missing,0.0,0.0,0.0,651
V25_was_missing,0.0,0.0,0.0,652
V260_was_missing,0.0,0.0,0.0,653
V261_was_missing,0.0,0.0,0.0,654
V262_was_missing,0.0,0.0,0.0,655
V263_was_missing,0.0,0.0,0.0,656
V264_was_missing,0.0,0.0,0.0,657
V265_was_missing,0.0,0.0,0.0,658
V266_was_missing,0.0,0.0,0.0,659
V267_was_missing,0.0,0.0,0.0,660
V268_was_missing,0.0,0.0,0.0,661
V269_was_missing,0.0,0.0,0.0,662
V26_was_missing,0.0,0.0,0.0,663
V27,0.0,0.0,0.0,664
V270_was_missing,0.0,0.0,0.0,665
V271_was_missing,0.0,0.0,0.0,666
V272_was_missing,0.0,0.0,0.0,667
V273_was_missing,0.0,0.0,0.0,668
V274_was_missing,0.0,0.0,0.0,669
V275_was_missing,0.0,0.0,0.0,670
V276_was_missing,0.0,0.0,0.0,671
V277_was_missing,0.0,0.0,0.0,672
V278_was_missing,0.0,0.0,0.0,673
V279_was_missing,0.0,0.0,0.0,674
V27_was_missing,0.0,0.0,0.0,675
V28,0.0,0.0,0.0,676
V280_was_missing,0.0,0.0,0.0,677
V282_was_missing,0.0,0.0,0.0,678
V283_was_missing,0.0,0.0,0.0,679
V284_was_missing,0.0,0.0,0.0,680
V285_was_missing,0.0,0.0,0.0,681
V286_was_missing,0.0,0.0,0.0,682
V287_was_missing,0.0,0.0,0.0,683
V288_was_missing,0.0,0.0,0.0,684
V289_was_missing,0.0,0.0,0.0,685
V28_was_missing,0.0,0.0,0.0,686
V290_was_missing,0.0,0.0,0.0,687
V291_was_missing,0.0,0.0,0.0,688
V292_was_missing,0.0,0.0,0.0,689
V293_was_missing,0.0,0.0,0.0,690
V294_was_missing,0.0,0.0,0.0,691
V295_was_missing,0.0,0.0,0.0,692
V296_was_missing,0.0,0.0,0.0,693
V297_was_missing,0.0,0.0,0.0,694
V298_was_missing,0.0,0.0,0.0,695
V299_was_missing,0.0,0.0,0.0,696
V29_was_missing,0.0,0.0,0.0,697
V300_was_missing,0.0,0.0,0.0,698
V301_was_missing,0.0,0.0,0.0,699
V302_was_missing,0.0,0.0,0.0,700
V303_was_missing,0.0,0.0,0.0,701
V304_was_missing,0.0,0.0,0.0,702
V305,0.0,0.0,0.0,703
V305_was_missing,0.0,0.0,0.0,704
V306_was_missing,0.0,0.0,0.0,705
V307_was_missing,0.0,0.0,0.0,706
V308_was_missing,0.0,0.0,0.0,707
V309_was_missing,0.0,0.0,0.0,708
V30_was_missing,0.0,0.0,0.0,709
V310_was_missing,0.0,0.0,0.0,710
V311_was_missing,0.0,0.0,0.0,711
V312_was_missing,0.0,0.0,0.0,712
V313_was_missing,0.0,0.0,0.0,713
V314_was_missing,0.0,0.0,0.0,714
V315_was_missing,0.0,0.0,0.0,715
V316_was_missing,0.0,0.0,0.0,716
V317_was_missing,0.0,0.0,0.0,717
V318_was_missing,0.0,0.0,0.0,718
V319_was_missing,0.0,0.0,0.0,719
V31_was_missing,0.0,0.0,0.0,720
V32,0.0,0.0,0.0,721
V320_was_missing,0.0,0.0,0.0,722
V321_was_missing,0.0,0.0,0.0,723
V323_was_missing,0.0,0.0,0.0,724
V324_was_missing,0.0,0.0,0.0,725
V325_was_missing,0.0,0.0,0.0,726
V326_was_missing,0.0,0.0,0.0,727
V327_was_missing,0.0,0.0,0.0,728
V328,0.0,0.0,0.0,729
V328_was_missing,0.0,0.0,0.0,730
V329_was_missing,0.0,0.0,0.0,731
V32_was_missing,0.0,0.0,0.0,732
V330_was_missing,0.0,0.0,0.0,733
V331_was_missing,0.0,0.0,0.0,734
V332_was_missing,0.0,0.0,0.0,735
V333_was_missing,0.0,0.0,0.0,736
V334_was_missing,0.0,0.0,0.0,737
V335_was_missing,0.0,0.0,0.0,738
V336_was_missing,0.0,0.0,0.0,739
V337_was_missing,0.0,0.0,0.0,740
V338_was_missing,0.0,0.0,0.0,741
V339_was_missing,0.0,0.0,0.0,742
V33_was_missing,0.0,0.0,0.0,743
V34_was_missing,0.0,0.0,0.0,744
V38_was_missing,0.0,0.0,0.0,745
V39_was_missing,0.0,0.0,0.0,746
V3_was_missing,0.0,0.0,0.0,747
V40_was_missing,0.0,0.0,0.0,748
V41,0.0,0.0,0.0,749
V41_was_missing,0.0,0.0,0.0,750
V42_was_missing,0.0,0.0,0.0,751
V43_was_missing,0.0,0.0,0.0,752
V44_was_missing,0.0,0.0,0.0,753
V45_was_missing,0.0,0.0,0.0,754
V46_was_missing,0.0,0.0,0.0,755
V47_was_missing,0.0,0.0,0.0,756
V48_was_missing,0.0,0.0,0.0,757
V49_was_missing,0.0,0.0,0.0,758
V4_was_missing,0.0,0.0,0.0,759
V50_was_missing,0.0,0.0,0.0,760
V51_was_missing,0.0,0.0,0.0,761
V52_was_missing,0.0,0.0,0.0,762
V55_was_missing,0.0,0.0,0.0,763
V56_was_missing,0.0,0.0,0.0,764
V57_was_missing,0.0,0.0,0.0,765
V58_was_missing,0.0,0.0,0.0,766
V59_was_missing,0.0,0.0,0.0,767
V5_was_missing,0.0,0.0,0.0,768
V60_was_missing,0.0,0.0,0.0,769
V61_was_missing,0.0,0.0,0.0,770
V62_was_missing,0.0,0.0,0.0,771
V63_was_missing,0.0,0.0,0.0,772
V64_was_missing,0.0,0.0,0.0,773
V65,0.0,0.0,0.0,774
V65_was_missing,0.0,0.0,0.0,775
V66_was_missing,0.0,0.0,0.0,776
V67_was_missing,0.0,0.0,0.0,777
V68,0.0,0.0,0.0,778
V68_was_missing,0.0,0.0,0.0,779
V69_was_missing,0.0,0.0,0.0,780
V6_was_missing,0.0,0.0,0.0,781
V70_was_missing,0.0,0.0,0.0,782
V71_was_missing,0.0,0.0,0.0,783
V72_was_missing,0.0,0.0,0.0,784
V73_was_missing,0.0,0.0,0.0,785
V74_was_missing,0.0,0.0,0.0,786
V76_was_missing,0.0,0.0,0.0,787
V77_was_missing,0.0,0.0,0.0,788
V78_was_missing,0.0,0.0,0.0,789
V79_was_missing,0.0,0.0,0.0,790
V7_was_missing,0.0,0.0,0.0,791
V80_was_missing,0.0,0.0,0.0,792
V81_was_missing,0.0,0.0,0.0,793
V82_was_missing,0.0,0.0,0.0,794
V83_was_missing,0.0,0.0,0.0,795
V84_was_missing,0.0,0.0,0.0,796
V85_was_missing,0.0,0.0,0.0,797
V86_was_missing,0.0,0.0,0.0,798
V87_was_missing,0.0,0.0,0.0,799
V88,0.0,0.0,0.0,800
V88_was_missing,0.0,0.0,0.0,801
V89,0.0,0.0,0.0,802
V89_was_missing,0.0,0.0,0.0,803
V8_was_missing,0.0,0.0,0.0,804
V90_was_missing,0.0,0.0,0.0,805
V91_was_missing,0.0,0.0,0.0,806
V92_was_missing,0.0,0.0,0.0,807
V93_was_missing,0.0,0.0,0.0,808
V94_was_missing,0.0,0.0,0.0,809
V95_was_missing,0.0,0.0,0.0,810
V96_was_missing,0.0,0.0,0.0,811
V97_was_missing,0.0,0.0,0.0,812
V98_was_missing,0.0,0.0,0.0,813
V99_was_missing,0.0,0.0,0.0,814
V9_was_missing,0.0,0.0,0.0,815
card1_was_missing,0.0,0.0,0.0,816
id_01_was_missing,0.0,0.0,0.0,817
id_02_was_missing,0.0,0.0,0.0,818
id_04_was_missing,0.0,0.0,0.0,819
id_09_was_missing,0.0,0.0,0.0,820
id_10_was_missing,0.0,0.0,0.0,821
id_11_was_missing,0.0,0.0,0.0,822
id_17_was_missing,0.0,0.0,0.0,823
id_20_was_missing,0.0,0.0,0.0,824
id_22_was_missing,0.0,0.0,0.0,825
id_25_was_missing,0.0,0.0,0.0,826
id_26_was_missing,0.0,0.0,0.0,827
id_27_freq,0.0,0.0,0.0,828
id_28_freq,0.0,0.0,0.0,829
id_29_freq,0.0,0.0,0.0,830
id_32_was_missing,0.0,0.0,0.0,831
id_35_freq,0.0,0.0,0.0,832
