seed,k,jaccard_vs_phase3_seed
43,5,0.6666666666666666
43,10,0.8181818181818182
43,20,0.7391304347826086
43,30,0.875
43,50,0.9230769230769231
43,75,0.948051948051948
43,100,0.8691588785046729
43,150,0.8404907975460123
43,200,0.8348623853211009
43,300,0.875
43,500,0.9607843137254902
44,5,0.6666666666666666
44,10,0.8181818181818182
44,20,0.9047619047619048
44,30,0.9354838709677419
44,50,0.9607843137254902
44,75,0.948051948051948
44,100,0.8518518518518519
44,150,0.875
44,200,0.8264840182648402
44,300,0.8404907975460123
44,500,0.953125
