TransactionID,y_true,simulate_prob,decrypted_prob
3418663,0,1.7053307868826066e-289,1.7053307868826066e-289
3443707,0,1.3981552415158567e-303,1.3981552415158567e-303
3388584,0,6.200899260993801e-198,6.200899260993801e-198
3456866,0,8.352847107797668e-177,8.352847107797668e-177
3432472,0,4.6033587289174736e-219,4.6033587289174736e-219
3433723,0,1.7053307868826066e-289,1.7053307868826066e-289
3450427,0,6.08648991027575e-36,6.08648991027575e-36
3396415,0,1.1251602690134006e-155,1.1251602690134006e-155
3412070,0,0.0,0.0
3390677,0,1.3981552415158567e-303,1.3981552415158567e-303
3375657,1,7.563240548785945e-184,7.563240548785945e-184
3397077,0,1.2659856309663e-310,1.2659856309663e-310
3388710,1,8.352847107797668e-177,8.352847107797668e-177
3414143,0,2.254762063803789e-106,2.254762063803789e-106
3370660,0,9.224889034825607e-170,9.224889034825607e-170
3450158,0,5.614719403388026e-205,5.614719403388026e-205
3470295,0,2.750134641937726e-92,2.750134641937726e-92
3427568,1,1.2659856309663e-310,1.2659856309663e-310
3370773,1,8.352847107797668e-177,8.352847107797668e-177
3411297,0,8.352847107797668e-177,8.352847107797668e-177
3470368,0,1.0187972628567344e-162,1.0187972628567344e-162
3405603,0,1.0,1.0
3439178,1,4.990150788306331e-50,4.990150788306331e-50
3388077,0,8.352847107797668e-177,8.352847107797668e-177
3427797,1,5.614719403388026e-205,5.614719403388026e-205
3401653,1,1.3723586551414485e-141,1.3723586551414485e-141
3443480,0,1.3723586551414485e-141,1.3723586551414485e-141
3465616,0,6.08648991027575e-36,6.08648991027575e-36
3385947,0,2.0799929838525506e-275,2.0799929838525506e-275
3368642,1,2.49016048900343e-99,2.49016048900343e-99
3414689,0,3.4173932997751185e-240,3.4173932997751185e-240
3372767,1,2.750134641937726e-92,2.750134641937726e-92
3399963,0,4.518424711909478e-57,4.518424711909478e-57
3377984,0,1.1251602690134006e-155,1.1251602690134006e-155
3388013,0,1.544123433601821e-296,1.544123433601821e-296
3411567,0,5.614719403388026e-205,5.614719403388026e-205
3459010,1,3.037250242378064e-85,3.037250242378064e-85
3402871,0,2.0416161877194248e-113,2.0416161877194248e-113
3471656,0,1.3981552415158567e-303,1.3981552415158567e-303
3456205,0,4.1681966579579974e-226,4.1681966579579974e-226
3424975,0,2.49016048900343e-99,2.49016048900343e-99
3381839,0,3.7741710786675663e-233,3.7741710786675663e-233
3420502,0,4.990150788306331e-50,4.990150788306331e-50
3408525,0,5.511125331888274e-43,5.511125331888274e-43
3399668,0,3.037250242378064e-85,3.037250242378064e-85
3384214,1,1.0,1.0
3374753,0,1.544123433601821e-296,1.544123433601821e-296
3437802,0,2.5369686902706813e-261,2.5369686902706813e-261
3376270,1,3.094342233545724e-247,3.094342233545724e-247
3402351,1,5.511125331888274e-43,5.511125331888274e-43
3369764,0,0.0,0.0
3438364,1,3.704535942788851e-71,3.704535942788851e-71
3419088,0,1.8486192955216925e-120,1.8486192955216925e-120
3381375,1,1.0,1.0
3413337,0,4.6033587289174736e-219,4.6033587289174736e-219
3421893,0,4.6033587289174736e-219,4.6033587289174736e-219
3412205,0,3.094342233545724e-247,3.094342233545724e-247
3465569,0,4.6033587289174736e-219,4.6033587289174736e-219
3383086,1,2.49016048900343e-99,2.49016048900343e-99
3389055,0,4.1681966579579974e-226,4.1681966579579974e-226
3386268,1,1.1251602690134006e-155,1.1251602690134006e-155
3411967,0,4.091291574803001e-64,4.091291574803001e-64
3438723,0,5.614719403388026e-205,5.614719403388026e-205
3419407,0,1.7053307868826066e-289,1.7053307868826066e-289
3381337,0,1.515633669128692e-134,1.515633669128692e-134
3430925,0,2.8018296456936407e-254,2.8018296456936407e-254
3416716,0,6.200899260993801e-198,6.200899260993801e-198
3371785,1,2.750134641937726e-92,2.750134641937726e-92
3369292,0,7.563240548785945e-184,7.563240548785945e-184
3415410,1,9.224889034825607e-170,9.224889034825607e-170
3382972,0,4.091291574803001e-64,4.091291574803001e-64
3454373,0,5.083951964368721e-212,5.083951964368721e-212
3408886,0,6.200899260993801e-198,6.200899260993801e-198
3388875,1,8.352847107797668e-177,8.352847107797668e-177
3415833,0,9.224889034825607e-170,9.224889034825607e-170
3451386,1,4.990150788306331e-50,4.990150788306331e-50
3377668,0,0.0,0.0
3406962,0,1.6738666750054021e-127,1.6738666750054021e-127
3397292,1,7.563240548785945e-184,7.563240548785945e-184
3374623,0,3.7741710786675663e-233,3.7741710786675663e-233
3424186,0,0.0,0.0
3472247,0,3.7741710786675663e-233,3.7741710786675663e-233
3469251,0,1.2426276327210099e-148,1.2426276327210099e-148
3381355,0,2.5369686902706813e-261,2.5369686902706813e-261
3429313,1,2.0416161877194248e-113,2.0416161877194248e-113
3372427,1,9.224889034825607e-170,9.224889034825607e-170
3439880,0,5.511125331888274e-43,5.511125331888274e-43
3452999,0,1.1251602690134006e-155,1.1251602690134006e-155
3434079,0,2.750134641937726e-92,2.750134641937726e-92
3465805,0,3.037250242378064e-85,3.037250242378064e-85
3379897,0,7.563240548785945e-184,7.563240548785945e-184
3472052,0,3.4173932997751185e-240,3.4173932997751185e-240
3415792,0,0.9999999999999918,0.9999999999999918
3423049,1,5.083951964368721e-212,5.083951964368721e-212
3417693,0,7.563240548785945e-184,7.563240548785945e-184
3437857,0,3.4173932997751185e-240,3.4173932997751185e-240
3452023,0,7.563240548785945e-184,7.563240548785945e-184
3369613,0,8.352847107797668e-177,8.352847107797668e-177
3410849,0,5.511125331888274e-43,5.511125331888274e-43
3460897,0,2.8018296456936407e-254,2.8018296456936407e-254
