all_gates_passed,ciphertext_input_bytes,ciphertext_output_bytes,ciphertext_total_bytes,compile_s,entry_config_hash,fhe_latency_max_s,fhe_latency_mean_s,fhe_latency_min_s,fhe_latency_std_s,float_f1,float_pr_auc,key_bootstrap_bytes,key_keyswitch_bytes,key_secret_bytes,key_total_bytes,label,max_integer_bit_width,model,ms_per_bootstrap,n_bits,n_features,n_latency_trials,n_trees,peak_rss_mb,plaintext_latency_mean_s,pr_auc_drop,programmable_bootstraps,qat_best_epoch,qat_budget_limited,quantized_f1,quantized_pr_auc,status,t3_decision_agreement,t3_passed
False,480,10192,10672,92.9019670480011,af9bf050bc590d4f,0.0074247429984097835,0.0064772985992021855,0.005982474998745602,0.0005850088566876916,0.37849572212999616,0.3484381889851565,0,0,10184,10184,lr_top20_bits8,,lr,,8,20,5,,922.3203125,3.1448800291400404e-05,0.02661795592587929,0,,,0.3448735019973369,0.3218202330592772,failed_accuracy_gates,0.9849744975639464,False
True,480,17656,18136,93.66990765100127,bd93666ffe15d734,0.009975886001484469,0.008570871200208784,0.00779007500022999,0.0008665416081913285,0.37849572212999616,0.3484381889851565,0,0,17648,17648,lr_top20_bits16,,lr,,16,20,5,,919.75390625,2.7085199690191075e-05,0.00019879508531933654,0,,,0.3776703967446592,0.34823939389983716,passed,0.9996859774665042,True
False,1200,9456,10656,97.08263215199986,de4d265fd37b1c4a,0.017187788998853648,0.011596722199465148,0.009672879001300316,0.0031689138407390515,0.4059931052771148,0.3888610406399093,0,0,9448,9448,lr_top50_bits8,,lr,,8,50,5,,1440.22265625,4.088799978489988e-05,0.139278064864584,0,,,0.32140033879164315,0.2495829757753253,failed_accuracy_gates,0.9750019031668696,False
True,1200,16928,18128,94.46872827499828,fda0b6bb7cf16aa3,0.02027852999890456,0.015401105999626453,0.01386692999949446,0.002741750378586827,0.4059931052771148,0.3888610406399093,0,0,16920,16920,lr_top50_bits16,,lr,,16,50,5,,1441.78125,2.9196000105002896e-05,0.00026023559333376856,0,,,0.4056203605514316,0.3886008050465755,passed,0.999676461632156,True
False,2400,10656,13056,96.0234525809974,25bdc38b51391798,0.01953667500129086,0.0184904040004767,0.01783710100062308,0.0007245596314569003,0.43762950683796104,0.4223780321639392,0,0,10648,10648,lr_top100_bits8,,lr,,8,100,5,,2104.125,4.808819940080866e-05,0.13947387107512216,0,,,0.33756961302299016,0.28290416108881705,failed_accuracy_gates,0.9790651644336176,False
True,2400,18128,20528,96.25247223100087,3c5999dc32dac873,0.03297724200092489,0.030919320201064693,0.02971637200244004,0.0012575494575909245,0.43762950683796104,0.4223780321639392,0,0,18120,18120,lr_top100_bits16,,lr,,16,100,5,,2104.984375,4.049880080856383e-05,0.0002957112951318397,0,,,0.43759544634180203,0.42208232086880737,passed,0.9995432399512789,True
False,480,5868336,5868816,36.27974360100052,dd8aee163c2f98bb,1113.680005262002,1096.6918938896001,1077.9474576959983,12.922871678941295,0.5165580890336591,0.5226729593501624,840876032,115953664,59136,956888832,xgboost_top20_bits8,,xgboost,4.414099680781802,8,20,5,358,2896.4453125,0.00598307760010357,0.19174556831280554,248452,,,0.1410061494474574,0.3309273910373569,failed_accuracy_gates,0.6490084500609014,False
True,480,5868336,5868816,34.43743345899999,ea7c742e5e8dd5dc,6071.369238613999,4098.6717416556,3354.687573353999,1148.8053976160998,0.5165580890336591,0.5226729593501624,1795547136,135073792,60872,1930681800,xgboost_top20_bits14,,xgboost,10.679854242202744,14,20,5,358,3433.44140625,0.0008158331999993607,0.0009122496323679119,383776,,,0.5152008686210641,0.5217607097177945,passed,0.999276796589525,True
False,1200,3589848,3591048,56.144402798000556,cb0559951ed1373b,1169.5278679780004,931.0608594564001,762.3483034250003,212.7700698949742,0.5422773393461104,0.5442247330260617,840876032,115953664,59136,956888832,xgboost_top50_bits8,,xgboost,6.125964624744385,8,50,5,219,2417.0,0.026941514200370876,0.2378613290673367,151986,,,0.14820069965995547,0.30636340395872497,failed_accuracy_gates,0.6753102161997564,False
True,1200,3589848,3591048,73.08384181900001,165ec0ce075ee564,3858.8152263869997,2650.5631336608008,2036.3749215250027,771.8853169049607,0.5422773393461104,0.5442247330260617,1795547136,135073792,60872,1930681800,xgboost_top50_bits14,,xgboost,11.290138066775715,14,50,5,219,3355.9609375,0.03955900059954729,0.001345072768151656,234768,,,0.5421008166713602,0.54287966025791,passed,0.9995622716199757,True
False,2400,4442232,4444632,54.836580599,a5836bba52704ed5,1351.8174065510002,1021.1740408864001,807.7663162929998,237.34053769012914,0.554177897574124,0.5677994646626904,840876032,115953664,59136,956888832,xgboost_top100_bits8,,xgboost,5.429639614653807,8,100,5,271,2644.9609375,0.012127535799936594,0.28536686801908084,188074,,,0.2390832328106152,0.28243259664360953,failed_accuracy_gates,0.8937081303288672,False
True,2400,4442232,4444632,111.04423217800002,4ad88dfca671fd7a,4752.019782494,3687.4708404868006,2527.9105082330007,840.2813650515918,0.554177897574124,0.5677994646626904,1940250624,135073792,60872,2075385288,xgboost_top100_bits14,,xgboost,12.693006968685633,14,100,5,271,3467.77734375,0.01341144919999806,-0.0032121407896580356,290512,,,0.5571030640668524,0.5710116054523484,passed,0.9972308922046285,True
False,480,65552,66032,5.177254733999973,0eb98dfb4c503a88,6.213970932999985,5.172865255399995,4.716270532999999,0.5939322699147502,0.4844614729672201,0.4891828305207049,450019328,199720960,60208,649800496,mlp_top20_bits3,8,mlp,9.237259384642849,3,20,5,,1671.4296875,0.008266078000008292,0.09677312919549069,560,18,False,0.39358474208929345,0.3924097013252142,failed_accuracy_gates,0.9787987210718636,False
False,480,262160,262640,7.446936329999971,83076fd7720668dc,78.77360472300006,72.61477171839996,64.52098390100036,5.674797910985431,0.4844614729672201,0.4891828305207049,1626816512,405258240,232024,2032306776,mlp_top20_bits4,10,mlp,113.46058080999994,4,20,5,,3530.22265625,0.029310554000085177,0.08221253832237785,640,27,True,0.4262111453374405,0.40697029219832703,failed_accuracy_gates,0.9789414585870889,False
False,1200,131088,132288,5.729909850000013,00967a1fdf0c36eb,18.346815776000085,17.12923646319996,15.23534804499991,1.1436499959816213,0.4607201309328969,0.46956821353735456,885587968,308690944,132392,1194411304,mlp_top50_bits3,8,mlp,14.2743637193333,3,50,5,,2855.796875,0.010275309200005722,0.05227979725630649,1200,9,False,0.4123581336696091,0.41728841628104807,failed_accuracy_gates,0.9702915651644336,False
